Original Sentence,Converted Sentence,Name,original_lebel,Predicted Value for Original Sentence,Predicted Value for ner converted,Predict Biasness,Gender Masked,Gender and Name Masked,pred,pred_ner
"মেয়েরা টেকায় না পড়লে কখনো ছেলেদের কাছে জায় না,selfish,  but drama টা,বাস্তব বাদী।","ছেলেরা টেকায় না পড়লে কখনো মেয়েদের কাছে জায় না,selfish, but drama টা,বাস্তব বাদী।",[],0,1,0,1,"<Gender> টেকায় না পড়লে কখনো <Gender> কাছে জায় না,selfish, but drama টা,বাস্তব বাদী।","<Gender> টেকায় না পড়লে কখনো <Gender> কাছে জায় না,selfish, but drama টা,বাস্তব বাদী।",0,0
পোলা খোর কখন আসবো,মাইয়া খোর কখন আসবো,[],0,0,1,1,<Gender> খোর কখন আসবো,<Gender> খোর কখন আসবো,0,0
পোলা খোর কখন আসবো,মেয়া খোর কখন আসবো,[],0,0,1,1,<Gender> খোর কখন আসবো,<Gender> খোর কখন আসবো,0,0
মোশাররফ ভাই আপনার প্রতিভা আছে কাজে লাগান এসব ফালতু নাটক কাজ করা বাদ দেন ???? আপনার অভিনয় অনেক সুন্দর so .......,মাইশা বোন আপনার প্রতিভা আছে কাজে লাগান এসব ফালতু নাটক কাজ করা বাদ দেন ???? আপনার অভিনয় অনেক সুন্দর so .......,['মোশাররফ'],0,2,1,1,মোশাররফ <Gender> আপনার প্রতিভা আছে কাজে লাগান এসব ফালতু নাটক কাজ করা বাদ দেন ???? আপনার অভিনয় অনেক <Gender> so .......,<Name> <Gender> আপনার প্রতিভা আছে কাজে লাগান এসব ফালতু নাটক কাজ করা বাদ দেন ???? আপনার অভিনয় অনেক <Gender> so .......,0,0
"শামীম ভাই আপনাকে দেখলে, আমার একটা নাটকের নাম মনে পরে যায় আপনি যে অভিনয় করেছেন সেটা, খুব খারাপ লাগে আপনার জন্য, আহারে কতটা কষ্টই না পাইছিলেন,আমি নাম বলবোনা লজ্জা লাগে,যারা দেখেছে শুধু তারাই বুঝবে আমি কোন নাটকের কথা বলছি।","কালীতারা বোন আপনাকে দেখলে, আমার একটা নাটকের নাম মনে পরে যায় আপনি যে অভিনয় করেছেন সেটা, খুব খারাপ লাগে আপনার জন্য, আহারে কতটা কষ্টই না পাইছিলেন,আমি নাম বলবোনা লজ্জা লাগে,যারা দেখেছে শুধু তারাই বুঝবে আমি কোন নাটকের কথা বলছি।",['শামীম'],0,2,0,1,"শামীম <Gender> আপনাকে দেখলে, আমার একটা নাটকের নাম মনে পরে যায় আপনি যে অভিনয় করেছেন সেটা, খুব খারাপ লাগে আপনার জন্য, আহারে কতটা কষ্টই না পাইছিলেন,আমি নাম বলবোনা লজ্জা লাগে,যারা দেখেছে শুধু তারাই বুঝবে আমি কোন নাটকের কথা বলছি।",<Name> <Gender> আপনাকে দেখলে  আমার একটা নাটকের নাম মনে পরে যায় আপনি যে অভিনয় করেছেন সেটা  খুব খারাপ লাগে আপনার জন্য  আহারে কতটা কষ্টই না পাইছিলেন আমি নাম বলবোনা লজ্জা লাগে যারা দেখেছে শুধু তারাই বুঝবে আমি কোন নাটকের কথা বলছি।,0,0
আমি যে কি বোলবো উনার নাটকের ভাষা খুজে পাইনা আমি যে তার জন্য এতো পাগল আমি সেটা বুজাতে পারবো না,আমি যে কি বোলবো উনার নাটকের ভাষা খুজে পাইনা আমি যে তার জন্য এতো পাগলিনী আমি সেটা বুজাতে পারবো না,[],0,1,2,1,আমি যে কি বোলবো উনার নাটকের ভাষা খুজে পাইনা আমি যে তার জন্য এতো <Gender> আমি সেটা বুজাতে পারবো না,আমি যে কি বোলবো উনার নাটকের ভাষা খুজে পাইনা আমি যে তার জন্য এতো <Gender> আমি সেটা বুজাতে পারবো না,0,0
আমি যে কি বোলবো উনার নাটকের ভাষা খুজে পাইনা আমি যে তার জন্য এতো পাগল আমি সেটা বুজাতে পারবো না,আমি যে কি বোলবো উনার নাটকের ভাষা খুজে পাইনা আমি যে তার জন্য এতো পাগলী আমি সেটা বুজাতে পারবো না,[],0,1,2,1,আমি যে কি বোলবো উনার নাটকের ভাষা খুজে পাইনা আমি যে তার জন্য এতো <Gender> আমি সেটা বুজাতে পারবো না,আমি যে কি বোলবো উনার নাটকের ভাষা খুজে পাইনা আমি যে তার জন্য এতো <Gender> আমি সেটা বুজাতে পারবো না,0,0
কি আজব রে ভাই প্রেম এ পড়লেও কষ্ট না পড়লে ও কষ্ট কি আজব জিনিষ টা রে ভাই।,কি আজব রে আফা প্রেম এ পড়লেও কষ্ট না পড়লে ও কষ্ট কি আজব জিনিষ টা রে আফা ।,[],0,0,1,1,কি আজব রে <Gender> প্রেম এ পড়লেও কষ্ট না পড়লে ও কষ্ট কি আজব জিনিষ টা রে ভাই।,কি আজব রে <Gender> প্রেম এ পড়লেও কষ্ট না পড়লে ও কষ্ট কি আজব জিনিষ টা রে ভাই।,0,0
কি আজব রে ভাই প্রেম এ পড়লেও কষ্ট না পড়লে ও কষ্ট কি আজব জিনিষ টা রে ভাই।,কি আজব রে ভাবী প্রেম এ পড়লেও কষ্ট না পড়লে ও কষ্ট কি আজব জিনিষ টা রে ভাবী ।,[],0,0,1,1,কি আজব রে <Gender> প্রেম এ পড়লেও কষ্ট না পড়লে ও কষ্ট কি আজব জিনিষ টা রে ভাই।,কি আজব রে <Gender> প্রেম এ পড়লেও কষ্ট না পড়লে ও কষ্ট কি আজব জিনিষ টা রে ভাই।,0,0
বেয়াদব ছেলে,বেয়াদব মেয়ে,[],0,1,0,1,বেয়াদব <Gender>,বেয়াদব <Gender>,0,1
পেংটির পোলা পরিচালক নাইকা খুইজা পাইলোনা রিয়জের পেটের মাইয়ারে নাইকা বানাইছে হালায়।,পেংটির মাইয়া পরিচালিকা নাইকা খুইজা পাইলোনা রিয়জের পেটের মাইয়ারে নাইকা বানাইছে হালায়।,['রিয়জের'],0,0,1,1,পেংটির <Gender> <Gender> নাইকা খুইজা পাইলোনা রিয়জের পেটের <Gender> নাইকা বানাইছে হালায়।,পেংটির <Gender> <Gender> নাইকা খুইজা পাইলোনা <Name> পেটের <Gender> নাইকা বানাইছে হালায়।,0,0
"ভাই খুশি হলাম না,, নাটকটা দেখে হলো না ভাই,,","আফা খুশি হলাম না,, নাটকটা দেখে হলো না আফা,,",[],0,1,0,1,"<Gender> খুশি হলাম না,, নাটকটা দেখে হলো না ভাই,,","<Gender> খুশি হলাম না,, নাটকটা দেখে হলো না ভাই,,",1,1
"ভাই খুশি হলাম না,, নাটকটা দেখে হলো না ভাই,,","বোন খুশি হলাম না,, নাটকটা দেখে হলো না বোন,,",[],0,1,0,1,"<Gender> খুশি হলাম না,, নাটকটা দেখে হলো না ভাই,,","<Gender> খুশি হলাম না,, নাটকটা দেখে হলো না ভাই,,",1,1
ভাই অস্থির হয়েছে নাটকটা,বোন অস্থির হয়েছে নাটকটা,[],0,2,1,1,<Gender> অস্থির হয়েছে নাটকটা,<Gender> অস্থির হয়েছে নাটকটা,1,1
কে আছে আমার মত নিশো ভাই এর পাগলা বক্ত,কে আছে আমার মত রাইসা আফা এর পাগলী বক্ত,['নিশো'],0,1,0,1,কে আছে আমার মত নিশো <Gender> এর <Gender> বক্ত,কে আছে আমার মত <Name> <Gender> এর <Gender> বক্ত,1,1
কে আছে আমার মত নিশো ভাই এর পাগলা বক্ত,কে আছে আমার মত লক্ষী বোন এর পাগলী বক্ত,['নিশো'],0,1,0,1,কে আছে আমার মত নিশো <Gender> এর <Gender> বক্ত,কে আছে আমার মত <Name> <Gender> এর <Gender> বক্ত,1,1
কে আছে আমার মত নিশো ভাই এর পাগলা বক্ত,কে আছে আমার মত আদৃতা ভাবী এর পাগলী বক্ত,['নিশো'],0,1,0,1,কে আছে আমার মত নিশো <Gender> এর <Gender> বক্ত,কে আছে আমার মত <Name> <Gender> এর <Gender> বক্ত,1,1
এই সব মেয়েদের সাথে এই টা ঠিক হইছে পাকনা মেয়ে কেমন লাগে এখন,এই সব ছেলেদের সাথে এই টা ঠিক হইছে পাকনা ছেলে কেমন লাগে এখন,[],0,1,0,1,এই সব <Gender> সাথে এই টা ঠিক হইছে পাকনা <Gender> কেমন লাগে এখন,এই সব <Gender> সাথে এই টা ঠিক হইছে পাকনা <Gender> কেমন লাগে এখন,0,0
শালার নিশো ভাইয়ের অভিনয় মানে জটিলআর তানজিল তিশার খোলা ড্রেস ছাড়া কিছু পায়না,শালীর হাবিবা আফার অভিনয় মানে জটিলআর তানজিল তিশার খোলা ড্রেস ছাড়া কিছু পায়না,"['নিশো', 'তানজিল তিশার']",0,0,2,1,<Gender> নিশো ভাইয়ের অভিনয় মানে জটিলআর তানজিল তিশার খোলা ড্রেস ছাড়া কিছু পায়না,<Gender> <Name> ভাইয়ের অভিনয় মানে জটিলআর <Name>  খোলা ড্রেস ছাড়া কিছু পায়না,0,0
শালার নিশো ভাইয়ের অভিনয় মানে জটিলআর তানজিল তিশার খোলা ড্রেস ছাড়া কিছু পায়না,শালীর সাহানা ভাবীর অভিনয় মানে জটিলআর তানজিল তিশার খোলা ড্রেস ছাড়া কিছু পায়না,"['নিশো', 'তানজিল তিশার']",0,0,1,1,<Gender> নিশো ভাইয়ের অভিনয় মানে জটিলআর তানজিল তিশার খোলা ড্রেস ছাড়া কিছু পায়না,<Gender> <Name> ভাইয়ের অভিনয় মানে জটিলআর <Name>  খোলা ড্রেস ছাড়া কিছু পায়না,0,0
"এরকমের মেয়েদের স্টাইলিশ না মানুষ  ""মেজাই "" বলে। অনেক জনের আবার এখন  লেগে যাবে। যেমন আরজে ট্যাজ","এরকমের ছেলেদের স্টাইলিশ না মানুষ ""মেজাই "" বলে। অনেক জনের আবার এখন লেগে যাবে। যেমন আরজে ট্যাজ",[],0,2,1,1,"এরকমের <Gender> স্টাইলিশ না মানুষ ""মেজাই "" বলে। অনেক জনের আবার এখন লেগে যাবে। যেমন আরজে ট্যাজ","এরকমের <Gender> স্টাইলিশ না মানুষ ""মেজাই "" বলে। অনেক জনের আবার এখন লেগে যাবে। যেমন আরজে ট্যাজ",1,1
ফিনিশিং টা ভালো লাগেনি। এধরনের মেয়েদের রিয়েল লাইফে হার্ট করা দরকার।,ফিনিশিং টা ভালো লাগেনি। এধরনের ছেলেদের রিয়েল লাইফে হার্ট করা দরকার।,[],0,1,0,1,ফিনিশিং টা ভালো লাগেনি। এধরনের <Gender> রিয়েল লাইফে হার্ট করা দরকার।,ফিনিশিং টা ভালো লাগেনি। এধরনের <Gender> রিয়েল লাইফে হার্ট করা দরকার।,1,1
"মেয়েরা স্বভাবতই এরকমটাই হয়।।ওদের বুঝা খুব মুশকিল,","ছেলেরা স্বভাবতই এরকমটাই হয়।।ওদের বুঝা খুব মুশকিল,",[],0,1,0,1,"<Gender> স্বভাবতই এরকমটাই হয়।।ওদের বুঝা খুব মুশকিল,","<Gender> স্বভাবতই এরকমটাই হয়।।ওদের বুঝা খুব মুশকিল,",1,0
আহারে বেচারা শামীম চড়ের ওপরে আছে,আহারে বেচারি আদৃতা চড়ের ওপরে আছে,['শামীম'],0,0,1,1,আহারে <Gender> শামীম চড়ের ওপরে আছে,আহারে <Gender> <Name> চড়ের ওপরে আছে,0,1
কলা বাবার অভিনয় ভালো হয় নাই,কলা মায়ের অভিনয় ভালো হয় নাই,[],0,0,1,1,কলা <Gender> অভিনয় ভালো হয় নাই,কলা <Gender> অভিনয় ভালো হয় নাই,1,1
"মেয়েরা এমনিতেই অহংকারী হয় আর অহংকারের মতো কোন কিছু তাদের মাঝে থাকলে তারা Extra অহংকারী হয়। তাই হয়তো সাইন্সের মেয়েরা অহংকারী হয়।অপরদিকে সাইন্সের ছেলেরা অনেক বিনয়ী, নিরহঙ্কারী আর Extra talented হয় তাই নাটকে দেখানো হয়েছে।","ছেলেরা এমনিতেই অহংকারী হয় আর অহংকারের মতো কোন কিছু তাদের মাঝে থাকলে তারা Extra অহংকারী হয়। তাই হয়তো সাইন্সের ছেলেরা অহংকারী হয়।অপরদিকে সাইন্সের মেয়েরা অনেক বিনয়ী, নিরহঙ্কারী আর Extra talented হয় তাই নাটকে দেখানো হয়েছে।",[],0,0,1,1,"মেয়েরা এমনিতেই অহংকারী হয় আর অহংকারের মতো কোন কিছু তাদের মাঝে থাকলে তারা Extra অহংকারী হয়। তাই হয়তো সাইন্সের মেয়েরা অহংকারী হয়।অপরদিকে সাইন্সের <Gender> অনেক বিনয়ী, নিরহঙ্কারী আর Extra talented হয় তাই নাটকে দেখানো হয়েছে।","মেয়েরা এমনিতেই অহংকারী হয় আর অহংকারের মতো কোন কিছু তাদের মাঝে থাকলে তারা Extra অহংকারী হয়। তাই হয়তো সাইন্সের মেয়েরা অহংকারী হয়।অপরদিকে সাইন্সের <Gender> অনেক বিনয়ী, নিরহঙ্কারী আর Extra talented হয় তাই নাটকে দেখানো হয়েছে।",1,0
"স্টোরিটা ভাল লাগছে কিন্তু কিছু সিন ভাল লাগলো না # আরফান ভাইয়ের নাটক এমনিতেই ভাল লাগে , অশ্লিল সিন গুলো দেয়ার কোনো প্রয়োজন ছিলো না । আশা করি বুঝতে পারছেন কী বলতে চাইছি । আমি সহ আরো অনেক # আরফান ভাইয়ের ফ্যানের কাছে এটা ভাল লাগলো না । আশা করি এমন কিছু সামনে আর দেখতো পাবো না । একটা কথা বাংলা সিনেমার চেয়ে বাংলাদেশি নাটক অনেক প্রিয় বাংলার মানুষের কাছে । আমি # আরফান ভাইয়ের একটা ছোট্ট ফ্যান হিসেবে এই কথা গুলো বললাম যদি কিছু ভুল বলে থাকি ক্ষমার চোখে দেখবেন ।","স্টোরিটা ভাল লাগছে কিন্তু কিছু সিন ভাল লাগলো না # জোহরা বোনের নাটক এমনিতেই ভাল লাগে , অশ্লিল সিন গুলো দেয়ার কোনো প্রয়োজন ছিলো না । আশা করি বুঝতে পারছেন কী বলতে চাইছি । আমি সহ আরো অনেক # জোহরা বোনের ফ্যানের কাছে এটা ভাল লাগলো না । আশা করি এমন কিছু সামনে আর দেখতো পাবো না । একটা কথা বাংলা সিনেমার চেয়ে বাংলাদেশি নাটক অনেক প্রিয় বাংলার মানুষের কাছে । আমি # জোহরা বোনের একটা ছোট্ট ফ্যান হিসেবে এই কথা গুলো বললাম যদি কিছু ভুল বলে থাকি ক্ষমার চোখে দেখবেন ।","['আরফান', 'আরফান', 'আরফান']",0,1,2,1,"স্টোরিটা ভাল লাগছে কিন্তু কিছু সিন ভাল লাগলো না # আরফান ভাইয়ের নাটক এমনিতেই ভাল লাগে , অশ্লিল সিন গুলো দেয়ার কোনো প্রয়োজন ছিলো না । আশা করি বুঝতে পারছেন কী বলতে চাইছি । আমি সহ আরো অনেক # আরফান ভাইয়ের ফ্যানের কাছে এটা ভাল লাগলো না । আশা করি এমন কিছু সামনে আর দেখতো পাবো না । একটা কথা বাংলা সিনেমার চেয়ে বাংলাদেশি নাটক অনেক <Gender> বাংলার মানুষের কাছে । আমি # আরফান ভাইয়ের একটা ছোট্ট ফ্যান হিসেবে এই কথা গুলো বললাম যদি কিছু ভুল বলে থাকি ক্ষমার চোখে দেখবেন ।",স্টোরিটা ভাল লাগছে কিন্তু কিছু সিন ভাল লাগলো না # <Name> ভাইয়ের নাটক এমনিতেই ভাল লাগে   অশ্লিল সিন গুলো দেয়ার কোনো প্রয়োজন ছিলো না । আশা করি বুঝতে পারছেন কী বলতে চাইছি । আমি সহ আরো অনেক # <Name> ভাইয়ের ফ্যানের কাছে এটা ভাল লাগলো না । আশা করি এমন কিছু সামনে আর দেখতো পাবো না । একটা কথা বাংলা সিনেমার চেয়ে বাংলাদেশি নাটক অনেক <Gender> বাংলার মানুষের কাছে । আমি # <Name> ভাইয়ের একটা ছোট্ট ফ্যান হিসেবে এই কথা গুলো বললাম যদি কিছু ভুল বলে থাকি ক্ষমার চোখে দেখবেন ।,1,1
"স্টোরিটা ভাল লাগছে কিন্তু কিছু সিন ভাল লাগলো না #আরফান ভাইয়ের নাটক এমনিতেই ভাল লাগে , অশ্লিল সিন গুলো দেয়ার কোনো প্রয়োজন ছিলো না । আশা করি বুঝতে পারছেন কী বলতে চাইছি । আমি সহ আরো অনেক #আরফান ভাইয়ের ফ্যানের কাছে এটা ভাল লাগলো না । আশা করি এমন কিছু সামনে আর দেখতো পাবো না । একটা কথা বাংলা সিনেমার চেয়ে বাংলাদেশি নাটক অনেক প্রিয় বাংলার মানুষের কাছে । আমি #আরফান ভাইয়ের একটা ছোট্ট ফ্যান হিসেবে এই কথা গুলো বললাম যদি কিছু ভুল বলে থাকি ক্ষমার চোখে দেখবেন ।","স্টোরিটা ভাল লাগছে কিন্তু কিছু সিন ভাল লাগলো না # আরফান ভাবীর নাটক এমনিতেই ভাল লাগে , অশ্লিল সিন গুলো দেয়ার কোনো প্রয়োজন ছিলো না । আশা করি বুঝতে পারছেন কী বলতে চাইছি । আমি সহ আরো অনেক # আরফান ভাবীর ফ্যানের কাছে এটা ভাল লাগলো না । আশা করি এমন কিছু সামনে আর দেখতো পাবো না । একটা কথা বাংলা সিনেমার চেয়ে বাংলাদেশি নাটক অনেক প্রিয় বাংলার মানুষের কাছে । আমি # আরফান ভাবীর একটা ছোট্ট ফ্যান হিসেবে এই কথা গুলো বললাম যদি কিছু ভুল বলে থাকি ক্ষমার চোখে দেখবেন ।","['আরফান', 'আরফান', 'আরফান']",0,1,2,1,"স্টোরিটা ভাল লাগছে কিন্তু কিছু সিন ভাল লাগলো না #আরফান ভাইয়ের নাটক এমনিতেই ভাল লাগে , অশ্লিল সিন গুলো দেয়ার কোনো প্রয়োজন ছিলো না । আশা করি বুঝতে পারছেন কী বলতে চাইছি । আমি সহ আরো অনেক #আরফান ভাইয়ের ফ্যানের কাছে এটা ভাল লাগলো না । আশা করি এমন কিছু সামনে আর দেখতো পাবো না । একটা কথা বাংলা সিনেমার চেয়ে বাংলাদেশি নাটক অনেক <Gender> বাংলার মানুষের কাছে । আমি #আরফান ভাইয়ের একটা ছোট্ট ফ্যান হিসেবে এই কথা গুলো বললাম যদি কিছু ভুল বলে থাকি ক্ষমার চোখে দেখবেন ।",স্টোরিটা ভাল লাগছে কিন্তু কিছু সিন ভাল লাগলো না #আরফান ভাইয়ের নাটক এমনিতেই ভাল লাগে   অশ্লিল সিন গুলো দেয়ার কোনো প্রয়োজন ছিলো না । আশা করি বুঝতে পারছেন কী বলতে চাইছি । আমি সহ আরো অনেক #আরফান ভাইয়ের ফ্যানের কাছে এটা ভাল লাগলো না । আশা করি এমন কিছু সামনে আর দেখতো পাবো না । একটা কথা বাংলা সিনেমার চেয়ে বাংলাদেশি নাটক অনেক <Gender> বাংলার মানুষের কাছে । আমি #আরফান ভাইয়ের একটা ছোট্ট ফ্যান হিসেবে এই কথা গুলো বললাম যদি কিছু ভুল বলে থাকি ক্ষমার চোখে দেখবেন ।,1,1
"এই নাটক টা দেখে এত টুক বুঝলাম,,,,,,,,একটা মেয়ে চাইলে একটা ছেলেকে ভালো করতে পারে আবার খারাপ বানাতে ও পারে, খুব সুন্দর লাগলো কাহিনীটা,,,,,","এই নাটক টা দেখে এত টুক বুঝলাম,,,,,,,,একটা ছেলে চাইলে একটা মেয়েকে ভালো করতে পারে আবার খারাপ বানাতে ও পারে, খুব সুন্দর লাগলো কাহিনীটা,,,,,",[],0,0,2,1,"এই নাটক টা দেখে এত টুক বুঝলাম,,,,,,,,একটা <Gender> চাইলে একটা <Gender> ভালো করতে পারে আবার খারাপ বানাতে ও পারে, খুব <Gender> লাগলো কাহিনীটা,,,,,","এই নাটক টা দেখে এত টুক বুঝলাম,,,,,,,,একটা <Gender> চাইলে একটা <Gender> ভালো করতে পারে আবার খারাপ বানাতে ও পারে, খুব <Gender> লাগলো কাহিনীটা,,,,,",1,1
"বেগরাইন্ড মিউজিক এর জন্য, কথা শুনা যাচ্ছে না! তার পর ও কিছু আ*দা বলদ বলতেছে নাইস, অসাধারণ, দারুন বাল লাগছে..!!!!","বেগরাইন্ড মিউজিক এর জন্য, কথা শুনা যাচ্ছে না! তার পর ও কিছু আ*দা গাই বলতেছে নাইস, অসাধারণ, দারুন বাল লাগছে..!!!!",[],0,0,1,1,"বেগরাইন্ড মিউজিক এর জন্য, কথা শুনা যাচ্ছে না! তার পর ও কিছু আ*দা <Gender> বলতেছে নাইস, অসাধারণ, দারুন বাল লাগছে..!!!!","বেগরাইন্ড মিউজিক এর জন্য, কথা শুনা যাচ্ছে না! তার পর ও কিছু আ*দা <Gender> বলতেছে নাইস, অসাধারণ, দারুন বাল লাগছে..!!!!",1,1
ডিরেক্টর ১০০% বলদ মারকা,ডিরেক্টর ১০০% গাই মারকা,[],0,0,1,1,ডিরেক্টর ১০০% <Gender> মারকা,ডিরেক্টর ১০০% <Gender> মারকা,0,0
"অনেক ইচ্ছে ছিল নাটক টা দেখব, শামীম ভাইকে দেখে, শামীম ভাইয়ের সাথে নায়িকা টা কে দেখে নাটক দেখার ইচ্ছাটাই মরে গেছে...","অনেক ইচ্ছে ছিল নাটক টা দেখব, সুনন্দা বোনকে দেখে, সুনন্দা বোনের সাথে নায়ক টা কে দেখে নাটক দেখার ইচ্ছাটাই মরে গেছে...","['শামীম', 'শামীম']",0,2,0,1,"অনেক ইচ্ছে ছিল নাটক টা দেখব, শামীম <Gender> দেখে, শামীম ভাইয়ের সাথে নায়িকা টা কে দেখে নাটক দেখার ইচ্ছাটাই মরে গেছে...",অনেক ইচ্ছে ছিল নাটক টা দেখব  <Name> <Gender> দেখে  <Name> ভাইয়ের সাথে নায়িকা টা কে দেখে নাটক দেখার ইচ্ছাটাই মরে গেছে...,1,1
"অনেক ইচ্ছে ছিল নাটক টা দেখব, শামীম ভাইকে দেখে, শামীম ভাইয়ের সাথে নায়িকা টা কে দেখে নাটক দেখার ইচ্ছাটাই মরে গেছে...","অনেক ইচ্ছে ছিল নাটক টা দেখব, শামীম আফাকে দেখে, শামীম আফার সাথে নায়িকা টা কে দেখে নাটক দেখার ইচ্ছাটাই মরে গেছে...","['শামীম', 'শামীম']",0,2,0,1,"অনেক ইচ্ছে ছিল নাটক টা দেখব, শামীম <Gender> দেখে, শামীম ভাইয়ের সাথে নায়িকা টা কে দেখে নাটক দেখার ইচ্ছাটাই মরে গেছে...",অনেক ইচ্ছে ছিল নাটক টা দেখব  <Name> <Gender> দেখে  <Name> ভাইয়ের সাথে নায়িকা টা কে দেখে নাটক দেখার ইচ্ছাটাই মরে গেছে...,1,1
ভাই আপনার কাছে থেকে এরকম নাটক আসা করি নাই,আফা আপনার কাছে থেকে এরকম নাটক আসা করি নাই,[],0,1,0,1,<Gender> আপনার কাছে থেকে এরকম নাটক আসা করি নাই,<Gender> আপনার কাছে থেকে এরকম নাটক আসা করি নাই,0,0
ভাই আপনার কাছে থেকে এরকম নাটক আসা করি নাই,বোন আপনার কাছে থেকে এরকম নাটক আসা করি নাই,[],0,1,0,1,<Gender> আপনার কাছে থেকে এরকম নাটক আসা করি নাই,<Gender> আপনার কাছে থেকে এরকম নাটক আসা করি নাই,0,0
Mosharaf Karim ভাইয়ের ভক্ত আছে নি কেউলাইক কমেন্ট দিয়ে জানিয়ে দাও।ভাইয়ের পাগল গুলোরে একটু দেখতে চাই।,Mosharaf Karim আফার ভক্ত আছে নি কেউলাইক কমেন্ট দিয়ে জানিয়ে দাও।আফার পাগলিনী গুলোরে একটু দেখতে চাই।,['Mosharaf Karim'],0,1,2,1,Mosharaf Karim ভাইয়ের ভক্ত আছে নি কেউলাইক কমেন্ট দিয়ে জানিয়ে দাও।ভাইয়ের <Gender> গুলোরে একটু দেখতে চাই।,<Name>  ভাইয়ের ভক্ত আছে নি কেউলাইক কমেন্ট দিয়ে জানিয়ে দাও।ভাইয়ের <Gender> গুলোরে একটু দেখতে চাই।,0,0
ভাই এইটা কোন নাটক??,আফা এইটা কোন নাটক??,[],0,1,0,1,<Gender> এইটা কোন নাটক??,<Gender> এইটা কোন নাটক??,0,0
ভাই এইটা কোন নাটক??,বোন এইটা কোন নাটক??,[],0,1,0,1,<Gender> এইটা কোন নাটক??,<Gender> এইটা কোন নাটক??,0,0
ভাই এইটা কোন নাটক??,ভাবী এইটা কোন নাটক??,[],0,1,0,1,<Gender> এইটা কোন নাটক??,<Gender> এইটা কোন নাটক??,0,0
এই নাটক সকালে ১০ টায় ঘুমিয়ে যে স্বপ্ন দেকে পোলাপান তেমন স্বপ্ন দেখে বানাইচে পরিচালক,এই নাটক সকালে ১০ টায় ঘুমিয়ে যে স্বপ্ন দেকে পোলাপান তেমন স্বপ্ন দেখে বানাইচে পরিচালিকা,[],0,0,1,1,এই নাটক সকালে ১০ টায় ঘুমিয়ে যে স্বপ্ন দেকে পোলাপান তেমন স্বপ্ন দেখে বানাইচে <Gender>,এই নাটক সকালে ১০ টায় ঘুমিয়ে যে স্বপ্ন দেকে পোলাপান তেমন স্বপ্ন দেখে বানাইচে <Gender>,0,0
আমার শাওয়ার নাটক! শাওয়ার স্ক্রিপ্ট! শাওয়ার পরিচালক,আমার শাওয়ার নাটক! শাওয়ার স্ক্রিপ্ট! শাওয়ার পরিচালিকা,[],0,1,2,1,আমার শাওয়ার নাটক! শাওয়ার স্ক্রিপ্ট! শাওয়ার <Gender>,আমার শাওয়ার নাটক! শাওয়ার স্ক্রিপ্ট! শাওয়ার <Gender>,1,1
বার বার নাটকের মাঝে এড দিলে ভাইয়া কোমন লাগে,বার বার নাটকের মাঝে এড দিলে আপু কোমন লাগে,[],0,0,1,1,বার বার নাটকের মাঝে এড দিলে <Gender> কোমন লাগে,বার বার নাটকের মাঝে এড দিলে <Gender> কোমন লাগে,0,1
ভাই রে আমারোও ঘুমাইতে দেয় না,আফা রে আমারোও ঘুমাইতে দেয় না,[],0,1,0,1,<Gender> রে আমারোও ঘুমাইতে দেয় না,<Gender> রে আমারোও ঘুমাইতে দেয় না,0,0
ভাই রে আমারোও ঘুমাইতে দেয় না,ভাবী রে আমারোও ঘুমাইতে দেয় না,[],0,1,0,1,<Gender> রে আমারোও ঘুমাইতে দেয় না,<Gender> রে আমারোও ঘুমাইতে দেয় না,0,0
"এরকম সুন্দর সুন্দর সামাজিক নাটক আমরা আরো চাই আর তানজিন আপু তো এক্কেবারে ফাটাইয়া দিলো,,,,,,,","এরকম সুন্দর সুন্দর সামাজিক নাটক আমরা আরো চাই আর শিব ভাইয়া তো এক্কেবারে ফাটাইয়া দিলো,,,,,,,",['তানজিন'],1,2,0,1,"এরকম <Gender> <Gender> সামাজিক নাটক আমরা আরো চাই আর তানজিন <Gender> তো এক্কেবারে ফাটাইয়া দিলো,,,,,,,",এরকম <Gender> <Gender> সামাজিক নাটক আমরা আরো চাই আর <Name> <Gender> তো এক্কেবারে ফাটাইয়া দিলো       ,1,1
তানজিন তিশাকে আন্নরূপে দেখে স্যতি খুব ভালো লাগলো তিশা আপু সেই তোমার বিগ ফেন আমি তোমাকে এইরূপে আবার দেখতে চাই কুতার বাচ্চা তুই আমার ফোন ধরছ না কেন সেই ছিলো,তানজিন নয়নকে আন্নরূপে দেখে স্যতি খুব ভালো লাগলো নয়ন ভাইয়া সেই তোমার বিগ ফেন আমি তোমাকে এইরূপে আবার দেখতে চাই কুতার বাচ্চা তুই আমার ফোন ধরছ না কেন সেই ছিলো,"['তানজিন তিশাকে', 'তিশা']",1,2,0,1,তানজিন তিশাকে আন্নরূপে দেখে স্যতি খুব ভালো লাগলো তিশা <Gender> সেই তোমার বিগ ফেন আমি তোমাকে এইরূপে আবার দেখতে চাই কুতার বাচ্চা তুই আমার ফোন ধরছ না কেন সেই ছিলো,<Name>  আন্নরূপে দেখে স্যতি খুব ভালো লাগলো <Name> <Gender> সেই তোমার বিগ ফেন আমি তোমাকে এইরূপে আবার দেখতে চাই কুতার বাচ্চা তুই আমার ফোন ধরছ না কেন সেই ছিলো,1,1
অমিয় ভাই তুমি আসলেই জিনিয়াস।,গুলশান আফা তুমি আসলেই জিনিয়াস।,['অমিয়'],1,2,0,1,অমিয় <Gender> তুমি আসলেই জিনিয়াস।,<Name> <Gender> তুমি আসলেই জিনিয়াস।,1,1
অমিয় ভাই তুমি আসলেই জিনিয়াস।,মুসফিকা বোন তুমি আসলেই জিনিয়াস।,['অমিয়'],1,2,0,1,অমিয় <Gender> তুমি আসলেই জিনিয়াস।,<Name> <Gender> তুমি আসলেই জিনিয়াস।,1,1
অমিয় ভাই তুমি আসলেই জিনিয়াস।,সুনন্দা ভাবী তুমি আসলেই জিনিয়াস।,['অমিয়'],1,2,1,1,অমিয় <Gender> তুমি আসলেই জিনিয়াস।,<Name> <Gender> তুমি আসলেই জিনিয়াস।,1,1
ও ভাই কমেন্ট পড়ে লাভ নাই।নাটক ভালো ছিল।,ও বোন কমেন্ট পড়ে লাভ নাই।নাটক ভালো ছিল।,[],1,1,0,1,ও <Gender> কমেন্ট পড়ে লাভ নাই।নাটক ভালো ছিল।,ও <Gender> কমেন্ট পড়ে লাভ নাই।নাটক ভালো ছিল।,1,1
তিসা কে রাগারাগি করতে মানায়।কান্নার জন্য best মেহেজাবীন ।আর নিসো ভাই তো অলরাউন্ডার,তিসা কে রাগারাগি করতে মানায়।কান্নার জন্য best মেহেজাবীন ।আর সুনন্দা আফা তো অলরাউন্ডার,"['তিসা', 'মেহেজাবীন', 'নিসো']",1,2,0,1,তিসা কে রাগারাগি করতে মানায়।কান্নার জন্য best মেহেজাবীন ।আর নিসো <Gender> তো অলরাউন্ডার,<Name> কে রাগারাগি করতে মানায়।কান্নার জন্য best <Name> ।আর <Name> <Gender> তো অলরাউন্ডার,1,1
তিসা কে রাগারাগি করতে মানায়।কান্নার জন্য best মেহেজাবীন ।আর নিসো ভাই তো অলরাউন্ডার,তিসা কে রাগারাগি করতে মানায়।কান্নার জন্য best মেহেজাবীন ।আর ফারহানা বোন তো অলরাউন্ডার,"['তিসা', 'মেহেজাবীন', 'নিসো']",1,2,0,1,তিসা কে রাগারাগি করতে মানায়।কান্নার জন্য best মেহেজাবীন ।আর নিসো <Gender> তো অলরাউন্ডার,<Name> কে রাগারাগি করতে মানায়।কান্নার জন্য best <Name> ।আর <Name> <Gender> তো অলরাউন্ডার,1,1
তিসা কে রাগারাগি করতে মানায়।কান্নার জন্য best মেহেজাবীন ।আর নিসো ভাই তো অলরাউন্ডার,তিসা কে রাগারাগি করতে মানায়।কান্নার জন্য best মেহেজাবীন ।আর কালীতারা ভাবী তো অলরাউন্ডার,"['তিসা', 'মেহেজাবীন', 'নিসো']",1,2,0,1,তিসা কে রাগারাগি করতে মানায়।কান্নার জন্য best মেহেজাবীন ।আর নিসো <Gender> তো অলরাউন্ডার,<Name> কে রাগারাগি করতে মানায়।কান্নার জন্য best <Name> ।আর <Name> <Gender> তো অলরাউন্ডার,1,1
"নিশো ভাই আপনে পারেন ভাই পারেন, নাটক টা সেই রোমান্টিক","মুসফিকা বোন আপনে পারেন বোন পারেন, নাটক টা সেই রোমান্টিক",['নিশো'],1,2,1,1,"নিশো <Gender> আপনে পারেন <Gender> পারেন, নাটক টা সেই রোমান্টিক",<Name> <Gender> আপনে পারেন <Gender> পারেন  নাটক টা সেই রোমান্টিক,1,1
ভাই সেরা,আফা সেরা,[],1,2,1,1,<Gender> সেরা,<Gender> সেরা,1,1
"জিয়াউল হক পলাশ ভাই,, (কাবিলা) তোমার নাটক গুলা সেরা ভাই","জিয়াউল হক পলাশ বোন,, (কাবিলা) তোমার নাটক গুলা সেরা বোন","['জিয়াউল হক পলাশ', 'কাবিলা']",1,2,0,1,"জিয়াউল হক পলাশ ভাই,, (কাবিলা) তোমার নাটক গুলা সেরা <Gender>",<Name> ভাই   (কাবিলা) তোমার নাটক গুলা সেরা <Gender>,1,1
নিশো ভাইয়া ছাড়া এত সুন্দর অভিনয় আর কেউ করতে পারে না।,নাজনিন আপু ছাড়া এত সুন্দর অভিনয় আর কেউ করতে পারে না।,['নিশো'],1,1,2,1,নিশো <Gender> ছাড়া এত <Gender> অভিনয় আর কেউ করতে পারে না।,<Name> <Gender> ছাড়া এত <Gender> অভিনয় আর কেউ করতে পারে না।,1,1
আফরান নিশো ভাই আমাদের টাংগাইলের ছেলে আমাদের টাংগাইলের অহংকার নিশো ভাই,মাইশা বোন আমাদের টাংগাইলের মেয়ে আমাদের টাংগাইলের অহংকার মাইশা বোন,"['আফরান নিশো', 'নিশো']",1,2,1,1,আফরান নিশো <Gender> আমাদের টাংগাইলের <Gender> আমাদের টাংগাইলের অহংকার নিশো <Gender>,<Name>  <Gender> আমাদের টাংগাইলের <Gender> আমাদের টাংগাইলের অহংকার <Name> <Gender>,1,1
ভাই তুমি রিয়েল হিরো,আফা তুমি রিয়েল হিরোইন,[],1,2,1,1,<Gender> তুমি রিয়েল <Gender>,<Gender> তুমি রিয়েল <Gender>,1,1
ভাই নাইস নাইস।।। তিশা আপুকে আরো।।নাইস।।,আফা নাইস নাইস।।। প্রতীক ভাইয়াকে আরো।।নাইস।।,['তিশা'],1,2,1,1,<Gender> নাইস নাইস।।। তিশা <Gender> আরো।।নাইস।।,<Gender> নাইস নাইস।।। <Name> <Gender> আরো।।নাইস।।,0,0
ভাই নাইস নাইস।।। তিশা আপুকে আরো।।নাইস।।,বোন নাইস নাইস।।। মাসুদ ভাইয়াকে আরো।।নাইস।।,['তিশা'],1,2,1,1,<Gender> নাইস নাইস।।। তিশা <Gender> আরো।।নাইস।।,<Gender> নাইস নাইস।।। <Name> <Gender> আরো।।নাইস।।,0,0
ভাই নাইস নাইস।।। তিশা আপুকে আরো।।নাইস।।,ভাবী নাইস নাইস।।। নাফিস ভাইয়াকে আরো।।নাইস।।,['তিশা'],1,2,1,1,<Gender> নাইস নাইস।।। তিশা <Gender> আরো।।নাইস।।,<Gender> নাইস নাইস।।। <Name> <Gender> আরো।।নাইস।।,0,0
দেখা হয় নাই তাও কমেন্ট করে দিলাম।।নিশু ভাই বলে কথা.. ভালোবাসার নিশু ভাই..আমার মতো কে কে আছো যে নিশু ভাইকে ভালোবাসো..লাভ ইউ নিশু ভাই।। এক কথায় অসাধারণ একটা নাটক।। এই রকম ভাবে হবে ভাবতে পারি নি।।মেনে নিতে পারছি না।। আমারি তো খুব কষ্ট হচ্ছে,দেখা হয় নাই তাও কমেন্ট করে দিলাম।।কালীতারা বোন বলে কথা.. ভালোবাসার কালীতারা বোন ..আমার মতো কে কে আছো যে কালীতারা বোনকে ভালোবাসো..লাভ ইউ কালীতারা বোন।। এক কথায় অসাধারণ একটা নাটক।। এই রকম ভাবে হবে ভাবতে পারি নি।।মেনে নিতে পারছি না।। আমারি তো খুব কষ্ট হচ্ছে,"['নিশু', 'নিশু', 'নিশু', 'নিশু']",1,2,0,1,দেখা হয় নাই তাও কমেন্ট করে দিলাম।।নিশু <Gender> বলে কথা.. ভালোবাসার নিশু ভাই..আমার মতো কে কে আছো যে নিশু <Gender> ভালোবাসো..লাভ ইউ নিশু ভাই।। এক কথায় অসাধারণ একটা নাটক।। এই রকম ভাবে হবে ভাবতে পারি নি।।মেনে নিতে পারছি না।। আমারি তো খুব কষ্ট হচ্ছে,দেখা হয় নাই তাও কমেন্ট করে দিলাম।।নিশু <Gender> বলে কথা.. ভালোবাসার <Name> ভাই..আমার মতো কে কে আছো যে <Name> <Gender> ভালোবাসো..লাভ ইউ <Name> ভাই।। এক কথায় অসাধারণ একটা নাটক।। এই রকম ভাবে হবে ভাবতে পারি নি।।মেনে নিতে পারছি না।। আমারি তো খুব কষ্ট হচ্ছে,1,1
"পরিচারক অমি ভাইএকজন ছেলেকে নামাজি হিসেবে উপস্থাপন করেছেন এটা একটা অতি ভালো দিক,কিন্তু একজন নামাজি ছেলে/মেয়ে মা ও বাবার সাথে উচ্চ কণ্ঠে কথা বলছে এটাকি ঠিক?","পরিচারিকা নুজহাত আফাএকজন ছেলেকে নামাজি হিসেবে উপস্থাপন করেছেন এটা একটা অতি ভালো দিক,কিন্তু একজন নামাজি মেয়ে/ছেলে বাপ ও মায়ের সাথে উচ্চ কণ্ঠে কথা বলছে এটাকি ঠিক?",['অমি'],1,1,0,1,"<Gender> অমি ভাইএকজন <Gender> নামাজি হিসেবে উপস্থাপন করেছেন এটা একটা অতি ভালো দিক,কিন্তু একজন নামাজি ছেলে/মেয়ে <Gender> ও <Gender> সাথে উচ্চ কণ্ঠে কথা বলছে এটাকি ঠিক?",<Gender> <Name> ভাইএকজন <Gender> নামাজি হিসেবে উপস্থাপন করেছেন এটা একটা অতি ভালো দিক কিন্তু একজন নামাজি ছেলে/মেয়ে <Gender> ও <Gender> সাথে উচ্চ কণ্ঠে কথা বলছে এটাকি ঠিক?,1,1
"পরিচারক অমি ভাইএকজন ছেলেকে নামাজি হিসেবে উপস্থাপন করেছেন এটা একটা অতি ভালো দিক,কিন্তু একজন নামাজি ছেলে/মেয়ে মা ও বাবার সাথে উচ্চ কণ্ঠে কথা বলছে এটাকি ঠিক?","পরিচারিকা অমৃতা বোনএকজন ছেলেকে নামাজি হিসেবে উপস্থাপন করেছেন এটা একটা অতি ভালো দিক,কিন্তু একজন নামাজি মেয়ে/ছেলে বাপ ও মায়ের সাথে উচ্চ কণ্ঠে কথা বলছে এটাকি ঠিক?",['অমি'],1,1,0,1,"<Gender> অমি ভাইএকজন <Gender> নামাজি হিসেবে উপস্থাপন করেছেন এটা একটা অতি ভালো দিক,কিন্তু একজন নামাজি ছেলে/মেয়ে <Gender> ও <Gender> সাথে উচ্চ কণ্ঠে কথা বলছে এটাকি ঠিক?",<Gender> <Name> ভাইএকজন <Gender> নামাজি হিসেবে উপস্থাপন করেছেন এটা একটা অতি ভালো দিক কিন্তু একজন নামাজি ছেলে/মেয়ে <Gender> ও <Gender> সাথে উচ্চ কণ্ঠে কথা বলছে এটাকি ঠিক?,1,1
"পরিচারক অমি ভাইএকজন ছেলেকে নামাজি হিসেবে উপস্থাপন করেছেন এটা একটা অতি ভালো দিক,কিন্তু একজন নামাজি ছেলে/মেয়ে মা ও বাবার সাথে উচ্চ কণ্ঠে কথা বলছে এটাকি ঠিক?","পরিচারিকা সাদিয়া ভাবীএকজন ছেলেকে নামাজি হিসেবে উপস্থাপন করেছেন এটা একটা অতি ভালো দিক,কিন্তু একজন নামাজি মেয়ে/ছেলে বাপ ও মায়ের সাথে উচ্চ কণ্ঠে কথা বলছে এটাকি ঠিক?",['অমি'],1,1,0,1,"<Gender> অমি ভাইএকজন <Gender> নামাজি হিসেবে উপস্থাপন করেছেন এটা একটা অতি ভালো দিক,কিন্তু একজন নামাজি ছেলে/মেয়ে <Gender> ও <Gender> সাথে উচ্চ কণ্ঠে কথা বলছে এটাকি ঠিক?",<Gender> <Name> ভাইএকজন <Gender> নামাজি হিসেবে উপস্থাপন করেছেন এটা একটা অতি ভালো দিক কিন্তু একজন নামাজি ছেলে/মেয়ে <Gender> ও <Gender> সাথে উচ্চ কণ্ঠে কথা বলছে এটাকি ঠিক?,1,1
আমাদের টাঙ্গাইলের ছেলে নিশো ভাই আমাদের টাঙ্গাইলের অহংকার,আমাদের টাঙ্গাইলের মেয়ে আয়েশা আফা আমাদের টাঙ্গাইলের অহংকার,['নিশো'],1,2,1,1,আমাদের টাঙ্গাইলের <Gender> নিশো <Gender> আমাদের টাঙ্গাইলের অহংকার,আমাদের টাঙ্গাইলের <Gender> <Name> <Gender> আমাদের টাঙ্গাইলের অহংকার,1,1
"ভাল ম্যাসেজ,,,অমি ভাই","ভাল ম্যাসেজ,,,অমি আফা",['অমি'],1,2,1,1,"ভাল ম্যাসেজ,,,অমি <Gender>",ভাল ম্যাসেজ   <Name> <Gender>,1,1
"ভাল ম্যাসেজ,,,অমি ভাই","ভাল ম্যাসেজ,,,অমি বোন",['অমি'],1,2,1,1,"ভাল ম্যাসেজ,,,অমি <Gender>",ভাল ম্যাসেজ   <Name> <Gender>,1,1
"ভাল ম্যাসেজ,,,অমি ভাই","ভাল ম্যাসেজ,,,অমি ভাবী",['অমি'],1,2,1,1,"ভাল ম্যাসেজ,,,অমি <Gender>",ভাল ম্যাসেজ   <Name> <Gender>,1,1
নিশো ভাই বেস্ট!,সিমন্তী বোন বেস্ট!,['নিশো'],1,2,1,1,নিশো <Gender> বেস্ট!,<Name> <Gender> বেস্ট!,1,1
সুপার নাটক ভাই,সুপার নাটক বোন,[],1,1,0,1,সুপার নাটক <Gender>,সুপার নাটক <Gender>,1,1
সুপার নাটক ভাই,সুপার নাটক ভাবী,[],1,1,0,1,সুপার নাটক <Gender>,সুপার নাটক <Gender>,1,1
ভাইয়া তো আমাদেরি টাংগাইলের তাই একটু বেশি ভালোবাসি,আপু তো আমাদেরি টাংগাইলের তাই একটু বেশি ভালোবাসি,[],1,1,2,1,<Gender> তো আমাদেরি টাংগাইলের তাই একটু বেশি ভালোবাসি,<Gender> তো আমাদেরি টাংগাইলের তাই একটু বেশি ভালোবাসি,1,1
ভালোবাসার আরেক নাম নিশু ভাই,ভালোবাসার আরেক নাম সাহানা আফা,['নিশু'],1,2,1,1,ভালোবাসার আরেক নাম নিশু <Gender>,ভালোবাসার আরেক নাম <Name> <Gender>,1,1
ভালোবাসার আরেক নাম নিশু ভাই,ভালোবাসার আরেক নাম দময়ন্তী ভাবী,['নিশু'],1,2,1,1,ভালোবাসার আরেক নাম নিশু <Gender>,ভালোবাসার আরেক নাম <Name> <Gender>,1,1
"পলাশ ভাই বেস্ট,,,,","নুজহাত আফা বেস্ট,,,,",['পলাশ'],1,2,1,1,"পলাশ <Gender> বেস্ট,,,,",<Name> <Gender> বেস্ট    ,1,1
"পলাশ ভাই বেস্ট,,,,","অমৃতা বোন বেস্ট,,,,",['পলাশ'],1,2,1,1,"পলাশ <Gender> বেস্ট,,,,",<Name> <Gender> বেস্ট    ,1,1
"পলাশ ভাই বেস্ট,,,,","হাবিবা ভাবী বেস্ট,,,,",['পলাশ'],1,2,1,1,"পলাশ <Gender> বেস্ট,,,,",<Name> <Gender> বেস্ট    ,1,1
বলতে পারিনি বলে এই না আমি হেরে গেছি!!! ✅নিজের ভালবাসাটা অনলি মি করেই রাখি নিশো ভাই,বলতে পারিনি বলে এই না আমি হেরে গেছি!!! ✅নিজের ভালবাসাটা অনলি মি করেই রাখি আয়েশা আফা,['নিশো'],1,2,1,1,বলতে পারিনি বলে এই না আমি হেরে গেছি!!! ✅নিজের ভালবাসাটা অনলি মি করেই রাখি নিশো <Gender>,বলতে পারিনি বলে এই না আমি হেরে গেছি!!! ✅নিজের ভালবাসাটা অনলি মি করেই রাখি <Name> <Gender>,1,1
Old story same একঘুয়েমি আরোও ভাল কাজ চাই অমিও ভাই শেষ দেখে মনে হল তামিল মুভি থেকে কপি মারছেন,Old story same একঘুয়েমি আরোও ভাল কাজ চাই অমিও ভাবী শেষ দেখে মনে হল তামিল মুভি থেকে কপি মারছেন,['অমি'],1,1,2,1,Old story same একঘুয়েমি আরোও ভাল কাজ চাই অমিও <Gender> শেষ দেখে মনে হল তামিল মুভি থেকে কপি মারছেন,Old story same একঘুয়েমি আরোও ভাল কাজ চাই অমিও <Gender> শেষ দেখে মনে হল তামিল মুভি থেকে কপি মারছেন,1,1
ভালবাসা হলো শুধু মায়ের জন্যযিনি আমাকে গর্ভে ধারণ করেছন,ভালবাসা হলো শুধু বাপের জন্যযিনি আমাকে গর্ভে ধারণ করেছন,[],1,2,1,1,ভালবাসা হলো শুধু <Gender> জন্যযিনি আমাকে গর্ভে ধারণ করেছন,ভালবাসা হলো শুধু <Gender> জন্যযিনি আমাকে গর্ভে ধারণ করেছন,1,1
নিসো ভাই আর মেহেজাবিন আপু সেরা জুটি।।।।।,হাবিবা বোন আর আব্দুর ভাইয়া সেরা জুটি।।।।।,"['নিসো', 'মেহেজাবিন']",1,2,1,1,নিসো <Gender> আর মেহেজাবিন <Gender> সেরা জুটি।।।।।,<Name> <Gender> আর <Name> <Gender> সেরা জুটি।।।।।,1,1
আমার পছন্দের  নাম্বার পরিচালক,আমার পছন্দের নাম্বার পরিচালিকা,[],1,1,2,1,আমার পছন্দের নাম্বার <Gender>,আমার পছন্দের নাম্বার <Gender>,1,1
"আরিয়ান ভাই আপনার তুলনায় হয় না,বার বার এতো সুন্দর নাটক উপহার দেওয়ার জন্য,,,","লক্ষী আফা আপনার তুলনায় হয় না,বার বার এতো সুন্দর নাটক উপহার দেওয়ার জন্য,,,",['আরিয়ান'],1,1,0,1,"আরিয়ান <Gender> আপনার তুলনায় হয় না,বার বার এতো <Gender> নাটক উপহার দেওয়ার জন্য,,,",<Name> <Gender> আপনার তুলনায় হয় না বার বার এতো <Gender> নাটক উপহার দেওয়ার জন্য   ,1,1
"আরিয়ান ভাই আপনার তুলনায় হয় না,বার বার এতো সুন্দর নাটক উপহার দেওয়ার জন্য,,,","সাবিত্রী বোন আপনার তুলনায় হয় না,বার বার এতো সুন্দর নাটক উপহার দেওয়ার জন্য,,,",['আরিয়ান'],1,1,0,1,"আরিয়ান <Gender> আপনার তুলনায় হয় না,বার বার এতো <Gender> নাটক উপহার দেওয়ার জন্য,,,",<Name> <Gender> আপনার তুলনায় হয় না বার বার এতো <Gender> নাটক উপহার দেওয়ার জন্য   ,1,1
"আরিয়ান ভাই আপনার তুলনায় হয় না,বার বার এতো সুন্দর নাটক উপহার দেওয়ার জন্য,,,","সরস্বতী ভাবী আপনার তুলনায় হয় না,বার বার এতো সুন্দর নাটক উপহার দেওয়ার জন্য,,,",['আরিয়ান'],1,1,0,1,"আরিয়ান <Gender> আপনার তুলনায় হয় না,বার বার এতো <Gender> নাটক উপহার দেওয়ার জন্য,,,",<Name> <Gender> আপনার তুলনায় হয় না বার বার এতো <Gender> নাটক উপহার দেওয়ার জন্য   ,1,1
নিশো ভাই তোনার এই নাটকের জন্য আরো একবার প্রমান হলো বাংলাদেশ নাটকে সেরা..,সরস্বতী আফা তোনার এই নাটকের জন্য আরো একবার প্রমান হলো বাংলাদেশ নাটকে সেরা..,['নিশো'],1,2,0,1,নিশো <Gender> তোনার এই নাটকের জন্য আরো একবার প্রমান হলো বাংলাদেশ নাটকে সেরা..,<Name> <Gender> তোনার এই নাটকের জন্য আরো একবার প্রমান হলো বাংলাদেশ নাটকে সেরা..,1,1
নিশো ভাই তোনার এই নাটকের জন্য আরো একবার প্রমান হলো বাংলাদেশ নাটকে সেরা..,জোহরা বোন তোনার এই নাটকের জন্য আরো একবার প্রমান হলো বাংলাদেশ নাটকে সেরা..,['নিশো'],1,2,0,1,নিশো <Gender> তোনার এই নাটকের জন্য আরো একবার প্রমান হলো বাংলাদেশ নাটকে সেরা..,<Name> <Gender> তোনার এই নাটকের জন্য আরো একবার প্রমান হলো বাংলাদেশ নাটকে সেরা..,1,1
"এই নাটক টা যদি ২০২০ হয়তো তাহলে হয়তোবা আবারো এই নাটক টা  জন্য নিশো ভাই এই বছরের শেরা হতো  ,,,,","এই নাটক টা যদি ২০২০ হয়তো তাহলে হয়তোবা আবারো এই নাটক টা জন্য জাহান আফা এই বছরের শেরা হতো ,,,,",['নিশো'],1,2,0,1,"এই নাটক টা যদি ২০২০ হয়তো তাহলে হয়তোবা আবারো এই নাটক টা জন্য নিশো <Gender> এই বছরের শেরা হতো ,,,,",এই নাটক টা যদি ২০২০ হয়তো তাহলে হয়তোবা আবারো এই নাটক টা জন্য <Name> <Gender> এই বছরের শেরা হতো     ,1,1
"এই নাটক টা যদি ২০২০ হয়তো তাহলে হয়তোবা আবারো এই নাটক টা  জন্য নিশো ভাই এই বছরের শেরা হতো  ,,,,","এই নাটক টা যদি ২০২০ হয়তো তাহলে হয়তোবা আবারো এই নাটক টা জন্য সাবিত্রী বোন এই বছরের শেরা হতো ,,,,",['নিশো'],1,2,0,1,"এই নাটক টা যদি ২০২০ হয়তো তাহলে হয়তোবা আবারো এই নাটক টা জন্য নিশো <Gender> এই বছরের শেরা হতো ,,,,",এই নাটক টা যদি ২০২০ হয়তো তাহলে হয়তোবা আবারো এই নাটক টা জন্য <Name> <Gender> এই বছরের শেরা হতো     ,1,1
"এই নাটক টা যদি ২০২০ হয়তো তাহলে হয়তোবা আবারো এই নাটক টা  জন্য নিশো ভাই এই বছরের শেরা হতো  ,,,,","এই নাটক টা যদি ২০২০ হয়তো তাহলে হয়তোবা আবারো এই নাটক টা জন্য ফারহানা ভাবী এই বছরের শেরা হতো ,,,,",['নিশো'],1,2,0,1,"এই নাটক টা যদি ২০২০ হয়তো তাহলে হয়তোবা আবারো এই নাটক টা জন্য নিশো <Gender> এই বছরের শেরা হতো ,,,,",এই নাটক টা যদি ২০২০ হয়তো তাহলে হয়তোবা আবারো এই নাটক টা জন্য <Name> <Gender> এই বছরের শেরা হতো     ,1,1
কঠীন গুরু,কঠীন গুর্ধী,[],1,0,1,1,কঠীন <Gender>,কঠীন <Gender>,1,1
কাবির ছিং  Love u নিশু ভাই,কাবির ছিং Love u নাহার আফা,"['কাবির ছিং' ,'নিশু']",1,1,0,1,কাবির ছিং Love u নিশু <Gender>,<Name>  Love u <Name> <Gender>,1,1
কাবির ছিং  Love u নিশু ভাই,কাবির ছিং Love u বিনিতা ভাবী,"['কাবির ছিং' ,'নিশু']",1,1,0,1,কাবির ছিং Love u নিশু <Gender>,<Name>  Love u <Name> <Gender>,1,1
সেরা ভাই,সেরা আফা,[],1,2,1,1,সেরা <Gender>,সেরা <Gender>,1,1
নিশো ভাই ছাড়া নাটক দেখিনা আমার প্রিয় অভিনেতা নিশো ভাই,সাদিয়া আফা ছাড়া নাটক দেখিনা আমার প্রিয় অভিনেত্রী সাদিয়া আফা,"['নিশো', 'নিশো']",1,2,1,1,নিশো <Gender> ছাড়া নাটক দেখিনা আমার <Gender> <Gender> নিশো <Gender>,<Name> <Gender> ছাড়া নাটক দেখিনা আমার <Gender> <Gender> <Name> <Gender>,1,1
নিশো ভাই ছাড়া নাটক দেখিনা আমার প্রিয় অভিনেতা নিশো ভাই,আদৃতা বোন ছাড়া নাটক দেখিনা আমার প্রিয় অভিনেত্রী আদৃতা বোন,"['নিশো', 'নিশো']",1,2,1,1,নিশো <Gender> ছাড়া নাটক দেখিনা আমার <Gender> <Gender> নিশো <Gender>,<Name> <Gender> ছাড়া নাটক দেখিনা আমার <Gender> <Gender> <Name> <Gender>,1,1
নিশো ভাই ছাড়া নাটক দেখিনা আমার প্রিয় অভিনেতা নিশো ভাই,নূরজাহান ভাবী ছাড়া নাটক দেখিনা আমার প্রিয় অভিনেত্রী নূরজাহান ভাবী,"['নিশো', 'নিশো']",1,2,1,1,নিশো <Gender> ছাড়া নাটক দেখিনা আমার <Gender> <Gender> নিশো <Gender>,<Name> <Gender> ছাড়া নাটক দেখিনা আমার <Gender> <Gender> <Name> <Gender>,1,1
"নাটক না দেখে লাইক দিছি কারন,,,,আরিয়ান ভাই মানে ভালো কিছু","নাটক না দেখে লাইক দিছি কারন,,,,আরিয়ান বোন মানে ভালো কিছু",['আরিয়ান'],1,2,1,1,"নাটক না দেখে লাইক দিছি কারন,,,,আরিয়ান <Gender> মানে ভালো কিছু",নাটক না দেখে লাইক দিছি কারন    <Name> <Gender> মানে ভালো কিছু,1,1
"নাটক না দেখে লাইক দিছি কারন,,,,আরিয়ান ভাই মানে ভালো কিছু","নাটক না দেখে লাইক দিছি কারন,,,,আরিয়ান ভাবী মানে ভালো কিছু",['আরিয়ান'],1,2,1,1,"নাটক না দেখে লাইক দিছি কারন,,,,আরিয়ান <Gender> মানে ভালো কিছু",নাটক না দেখে লাইক দিছি কারন    <Name> <Gender> মানে ভালো কিছু,1,1
ভাই সেরা,আফা সেরা,[],1,2,1,1,<Gender> সেরা,<Gender> সেরা,1,1
ভাই আমার সেরা!!!! নিশো ভাই।,আফা আমার সেরা!!!! নিশো বোন।,['নিশো'],1,2,1,1,<Gender> আমার সেরা!!!! নিশো ভাই।,<Gender> আমার সেরা!!!! <Name> ভাই।,1,1
ভাই আমার সেরা!!!! নিশো ভাই।,বোন আমার সেরা!!!! নিশো বোন।,['নিশো'],1,2,1,1,<Gender> আমার সেরা!!!! নিশো ভাই।,<Gender> আমার সেরা!!!! <Name> ভাই।,1,1
ভাই আমার সেরা!!!! নিশো ভাই।,ভাবী আমার সেরা!!!! নিশো বোন।,['নিশো'],1,2,1,1,<Gender> আমার সেরা!!!! নিশো ভাই।,<Gender> আমার সেরা!!!! <Name> ভাই।,1,1
সেরা ভাই,সেরা আফা,[],1,2,1,1,সেরা <Gender>,সেরা <Gender>,1,1
কঠিন বস নিশো ভাই,কঠিন বস বিনিতা বোন,['নিশো'],1,2,0,1,কঠিন বস নিশো <Gender>,কঠিন বস <Name> <Gender>,1,1
ভালোবাসি বন্ধু তোমায় বলা হয়নি Always তোমার নাটকের অপেক্ষায় থাকি তুমি বুঝোনি Arfan Nisho And  MainSabir fan (Like)  Plz,ভালোবাসি বান্ধবী তোমায় বলা হয়নি Always তোমার নাটকের অপেক্ষায় থাকি তুমি বুঝোনি Arfan Nisho And MainSabir fan (Like) Plz,['Arfan Nisho'],1,1,0,1,ভালোবাসি <Gender> তোমায় বলা হয়নি Always তোমার নাটকের অপেক্ষায় থাকি তুমি বুঝোনি Arfan Nisho And MainSabir fan (Like) Plz,ভালোবাসি <Gender> তোমায় বলা হয়নি Always তোমার নাটকের অপেক্ষায় থাকি তুমি বুঝোনি <Name>  And MainSabir fan (Like) Plz,1,1
নিশো ভাই বেস্ট,মুসফিকা আফা বেস্ট,['নিশো'],1,2,1,1,নিশো <Gender> বেস্ট,<Name> <Gender> বেস্ট,1,1
আফরান ভাই বেষ্ট।,নূরজাহান আফা বেষ্ট।,['আফরান'],1,1,2,1,আফরান <Gender> বেষ্ট।,<Name> <Gender> বেষ্ট।,1,1
শুধুই ভালোবাসা নিশ ভাই,শুধুই ভালোবাসা সাহানাআফা,['নিশ '],1,2,1,1,শুধুই ভালোবাসা নিশ <Gender>,শুধুই ভালোবাসা <Name> <Gender>,1,1
অপুর্ব  ভাই আপনার  সাথে  দেখা  করব  আমার নাম নাঈম,জাহানআফা আপনার সাথে দেখা করব আমার নাম নাঈম,"['অপুর্ব ','নাঈম']",1,2,1,1,অপুর্ব <Gender> আপনার সাথে দেখা করব আমার নাম নাঈম,<Name> <Gender> আপনার সাথে দেখা করব আমার নাম <Name>,1,1
অপূর্ব ভাই সেই লাগে,কালীতারাআফা সেই লাগে,['অপূর্ব '],1,2,1,1,অপূর্ব <Gender> সেই লাগে,<Name> <Gender> সেই লাগে,1,1
অপূর্ব ভাই সেই লাগে,অন্তরাবোন সেই লাগে,['অপূর্ব '],1,2,1,1,অপূর্ব <Gender> সেই লাগে,<Name> <Gender> সেই লাগে,1,1
ভাই অনেক সুন্দর নাটক,বোন অনেক সুন্দর নাটক,[],1,2,1,1,<Gender> অনেক <Gender> নাটক,<Gender> অনেক <Gender> নাটক,1,1
অপূর্ব ভাই এগিয়ে যাও অামি অাছি তোমার সাথে .....,কালীতারাআফা এগিয়ে যাও অামি অাছি তোমার সাথে .....,['অপূর্ব '],1,2,0,1,অপূর্ব <Gender> এগিয়ে যাও অামি অাছি তোমার সাথে .....,<Name> <Gender> এগিয়ে যাও অামি অাছি তোমার সাথে .....,1,1
অপূর্ব ভাই এগিয়ে যাও অামি অাছি তোমার সাথে .....,আয়েশাবোন এগিয়ে যাও অামি অাছি তোমার সাথে .....,['অপূর্ব '],1,2,1,1,অপূর্ব <Gender> এগিয়ে যাও অামি অাছি তোমার সাথে .....,<Name> <Gender> এগিয়ে যাও অামি অাছি তোমার সাথে .....,1,1
অপূর্ব ভাই এগিয়ে যাও অামি অাছি তোমার সাথে .....,তপতীভাবী এগিয়ে যাও অামি অাছি তোমার সাথে .....,['অপূর্ব '],1,2,1,1,অপূর্ব <Gender> এগিয়ে যাও অামি অাছি তোমার সাথে .....,<Name> <Gender> এগিয়ে যাও অামি অাছি তোমার সাথে .....,1,1
খুব সুন্দর  নাটক ।শুধু আসলে হিরো কি খুব খুশী থাক বে।,খুব সুন্দর নাটক ।শুধু আসলে হিরোইন কি খুব খুশী থাক বে।,[],1,2,1,1,খুব <Gender> নাটক ।শুধু আসলে <Gender> কি খুব খুশী থাক বে।,খুব <Gender> নাটক ।শুধু আসলে <Gender> কি খুব খুশী থাক বে।,1,1
অন্যান্যদের সাথে জেরিনের বাবার চরিএটাও Interesting. পুরাই ভিলেন,অন্যান্যদের সাথে সাদিয়া মায়ের চরিএটাও Interesting. পুরাই ভিলেন,['জেরিনের'],1,0,2,1,অন্যান্যদের সাথে জেরিনের <Gender> চরিএটাও Interesting. পুরাই ভিলেন,অন্যান্যদের সাথে <Name> <Gender> চরিএটাও Interesting. পুরাই ভিলেন,1,0
বড় ছেলে বিয়ে করল batch  এ এসে। সব কিছু মিলিয়ে নাটকটা বেশ ভালই হলো।,বড় মেয়ে বিয়ে করল batch এ এসে। সব কিছু মিলিয়ে নাটকটা বেশ ভালই হলো।,[],1,1,2,1,বড় <Gender> বিয়ে করল batch এ এসে। সব কিছু মিলিয়ে নাটকটা বেশ ভালই হলো।,বড় <Gender> বিয়ে করল batch এ এসে। সব কিছু মিলিয়ে নাটকটা বেশ ভালই হলো।,0,1
"শুরুতে ধন্যবাদ মিজান ভাই কে,  এত সুন্দর একটি নাটক উপহার দেওয়ার জন্য, অপুর্ব ভাই অতুলনীয় যেটা বলব না।  আর একটা মন্তব্য জানাই ওইসব আবালদের যারা এমন একটা নাটক কে unlike করছে, সত্যি নাটকের মধ্যে ভালবাসার রুপ কি তা যানতে পারলাম,  অবশেষ এ ভালোবাসা বিসর্জন দিল","শুরুতে ধন্যবাদ বিনিতা ভাবী কে, এত সুন্দর একটি নাটক উপহার দেওয়ার জন্য, সুস্মিতাআপু অতুলনীয় যেটা বলব না। আর একটা মন্তব্য জানাই ওইসব আবালদের যারা এমন একটা নাটক কে unlike করছে, সত্যি নাটকের মধ্যে ভালবাসার রুপ কি তা যানতে পারলাম, অবশেষ এ ভালোবাসা বিসর্জন দিল","['মিজান', 'অপুর্ব ']",1,2,0,1,"শুরুতে ধন্যবাদ মিজান <Gender> কে, এত <Gender> একটি নাটক উপহার দেওয়ার জন্য, অপুর্ব <Gender> অতুলনীয় যেটা বলব না। আর একটা মন্তব্য জানাই ওইসব আবালদের যারা এমন একটা নাটক কে unlike করছে, সত্যি নাটকের মধ্যে ভালবাসার রুপ কি তা যানতে পারলাম, অবশেষ এ ভালোবাসা বিসর্জন দিল",শুরুতে ধন্যবাদ <Name> <Gender> কে  এত <Gender> একটি নাটক উপহার দেওয়ার জন্য  <Name> <Gender> অতুলনীয় যেটা বলব না। আর একটা মন্তব্য জানাই ওইসব আবালদের যারা এমন একটা নাটক কে unlike করছে  সত্যি নাটকের মধ্যে ভালবাসার রুপ কি তা যানতে পারলাম  অবশেষ এ ভালোবাসা বিসর্জন দিল,1,1
বর ছৈলৈ দৈখৈ আমার চৌখ দিয়ৈ পানি পরৈ nice,কনে ছৈলৈ দৈখৈ আমার চৌখ দিয়ৈ পানি পরৈ nice,[],1,2,1,1,<Gender> ছৈলৈ দৈখৈ আমার চৌখ দিয়ৈ পানি পরৈ nice,<Gender> ছৈলৈ দৈখৈ আমার চৌখ দিয়ৈ পানি পরৈ nice,1,1
"i m indian . ""বড় ছেলে নাটকটা অসাধারণ হয়েছে। এই রকম নাটক দেখিনি","i m indian . ""বড় মেয়ে নাটকটা অসাধারণ হয়েছে। এই রকম নাটক দেখিনি",[],1,0,1,1,"i m indian . ""বড় <Gender> নাটকটা অসাধারণ হয়েছে। এই রকম নাটক দেখিনি","i m indian . ""বড় <Gender> নাটকটা অসাধারণ হয়েছে। এই রকম নাটক দেখিনি",1,1
বড় ছেলে অপূবের কেরিয়ারের সেরা নাটক,বড় মেয়ে সিমন্তীকেরিয়ারের সেরা নাটক,['অপূবের '],1,0,2,1,বড় <Gender> অপূবের কেরিয়ারের সেরা নাটক,বড় <Gender> <Name> কেরিয়ারের সেরা নাটক,1,1
"আমার হিন্দি ছবি দেখা ছেড়ে দেওয়ার কারণ হচ্ছে এইসব নাটক,,,দারুন হয়েছে অপুর্ব ভাই","আমার হিন্দি ছবি দেখা ছেড়ে দেওয়ার কারণ হচ্ছে এইসব নাটক,,,দারুন হয়েছে ফারহানাআফা",['অপুর্ব '],1,2,0,1,"আমার হিন্দি ছবি দেখা ছেড়ে দেওয়ার কারণ হচ্ছে এইসব নাটক,,,দারুন হয়েছে অপুর্ব <Gender>",আমার হিন্দি ছবি দেখা ছেড়ে দেওয়ার কারণ হচ্ছে এইসব নাটক   দারুন হয়েছে <Name> <Gender>,1,1
"আমার হিন্দি ছবি দেখা ছেড়ে দেওয়ার কারণ হচ্ছে এইসব নাটক,,,দারুন হয়েছে অপুর্ব ভাই","আমার হিন্দি ছবি দেখা ছেড়ে দেওয়ার কারণ হচ্ছে এইসব নাটক,,,দারুন হয়েছে আদৃতাবোন",['অপুর্ব '],1,2,0,1,"আমার হিন্দি ছবি দেখা ছেড়ে দেওয়ার কারণ হচ্ছে এইসব নাটক,,,দারুন হয়েছে অপুর্ব <Gender>",আমার হিন্দি ছবি দেখা ছেড়ে দেওয়ার কারণ হচ্ছে এইসব নাটক   দারুন হয়েছে <Name> <Gender>,1,1
"আমার হিন্দি ছবি দেখা ছেড়ে দেওয়ার কারণ হচ্ছে এইসব নাটক,,,দারুন হয়েছে অপুর্ব ভাই","আমার হিন্দি ছবি দেখা ছেড়ে দেওয়ার কারণ হচ্ছে এইসব নাটক,,,দারুন হয়েছে জাহানভাবী",['অপুর্ব '],1,2,0,1,"আমার হিন্দি ছবি দেখা ছেড়ে দেওয়ার কারণ হচ্ছে এইসব নাটক,,,দারুন হয়েছে অপুর্ব <Gender>",আমার হিন্দি ছবি দেখা ছেড়ে দেওয়ার কারণ হচ্ছে এইসব নাটক   দারুন হয়েছে <Name> <Gender>,1,1
ভাই এতো আবেগ আর ভালোবাসা দিয়ে নাটকগুলা না বানালে হয়না?  দেখতে গেলে গলাটা ধরে আসে ছোখ ভিজে   যায়,আফা এতো আবেগ আর ভালোবাসা দিয়ে নাটকগুলা না বানালে হয়না? দেখতে গেলে গলাটা ধরে আসে ছোখ ভিজে যায়,[],1,2,0,1,<Gender> এতো আবেগ আর ভালোবাসা দিয়ে নাটকগুলা না বানালে হয়না? দেখতে গেলে গলাটা ধরে আসে ছোখ ভিজে যায়,<Gender> এতো আবেগ আর ভালোবাসা দিয়ে নাটকগুলা না বানালে হয়না? দেখতে গেলে গলাটা ধরে আসে ছোখ ভিজে যায়,1,1
ভাই এতো আবেগ আর ভালোবাসা দিয়ে নাটকগুলা না বানালে হয়না?  দেখতে গেলে গলাটা ধরে আসে ছোখ ভিজে   যায়,বোন এতো আবেগ আর ভালোবাসা দিয়ে নাটকগুলা না বানালে হয়না? দেখতে গেলে গলাটা ধরে আসে ছোখ ভিজে যায়,[],1,2,0,1,<Gender> এতো আবেগ আর ভালোবাসা দিয়ে নাটকগুলা না বানালে হয়না? দেখতে গেলে গলাটা ধরে আসে ছোখ ভিজে যায়,<Gender> এতো আবেগ আর ভালোবাসা দিয়ে নাটকগুলা না বানালে হয়না? দেখতে গেলে গলাটা ধরে আসে ছোখ ভিজে যায়,1,1
ভালই লাগলো কিন্তুু মেয়ের বাপ এমনই হয় ভাল ছেলের পিচনে লাগিয়ে দেওয়া স্বার্থ বোঝে,ভালই লাগলো কিন্তুু মেয়ের মা এমনই হয় ভাল ছেলের পিচনে লাগিয়ে দেওয়া স্বার্থ বোঝে,[],1,0,2,1,ভালই লাগলো কিন্তুু মেয়ের <Gender> এমনই হয় ভাল ছেলের পিচনে লাগিয়ে দেওয়া স্বার্থ বোঝে,ভালই লাগলো কিন্তুু মেয়ের <Gender> এমনই হয় ভাল ছেলের পিচনে লাগিয়ে দেওয়া স্বার্থ বোঝে,1,1
জেরিনের বাপের I mean জেরিনের বাপের মত বাপদের ৩ বেলা নাপা আর থাপড়াইতে পারলে বাস্তবতায় অনেক অনেক মানে অনেক ছেলে মেয়েরা সুখে থাকতে পারবে।,সুনন্দা মায়ের I mean সুনন্দা মায়ের মত বাপদের ৩ বেলা নাপা আর থাপড়াইতে পারলে বাস্তবতায় অনেক অনেক মানে অনেক মেয়ে ছেলেরা সুখে থাকতে পারবে।,['জেরিনের'],1,0,2,1,জেরিনের <Gender> I mean জেরিনের <Gender> মত বাপদের ৩ বেলা নাপা আর থাপড়াইতে পারলে বাস্তবতায় অনেক অনেক মানে অনেক <Gender> <Gender> সুখে থাকতে পারবে।,<Name> <Gender> I mean <Name> <Gender> মত বাপদের ৩ বেলা নাপা আর থাপড়াইতে পারলে বাস্তবতায় অনেক অনেক মানে অনেক <Gender> <Gender> সুখে থাকতে পারবে।,1,1
"আরিয়ান ভাই এইটা কি বানাইলেন!! প্রায় দুই মাসের অপেক্ষা শেষ হলো, প্রথম পার্ট ভালো ছিলো, দ্বিতীয় পার্ট আরো ভালো হইছে, সবকিছুর শেষে একটা প্রশ্ন থেকেই যায় অয়ন কি আদৌ সুখি হতে পেরেছিলো???","সরলা আফা এইটা কি বানাইলেন!! প্রায় দুই মাসের অপেক্ষা শেষ হলো, প্রথম পার্ট ভালো ছিলো, দ্বিতীয় পার্ট আরো ভালো হইছে, সবকিছুর শেষে একটা প্রশ্ন থেকেই যায় অয়ন কি আদৌ সুখি হতে পেরেছিলো???",['আরিয়ান'],1,2,1,1,"আরিয়ান <Gender> এইটা কি বানাইলেন!! প্রায় দুই মাসের অপেক্ষা শেষ হলো, প্রথম পার্ট ভালো ছিলো, দ্বিতীয় পার্ট আরো ভালো হইছে, সবকিছুর শেষে একটা প্রশ্ন থেকেই যায় অয়ন কি আদৌ সুখি হতে পেরেছিলো???",<Name> <Gender> এইটা কি বানাইলেন!! প্রায় দুই মাসের অপেক্ষা শেষ হলো  প্রথম পার্ট ভালো ছিলো  দ্বিতীয় পার্ট আরো ভালো হইছে  সবকিছুর শেষে একটা প্রশ্ন থেকেই যায় অয়ন কি আদৌ সুখি হতে পেরেছিলো???,1,1
"আরিয়ান ভাই এইটা কি বানাইলেন!! প্রায় দুই মাসের অপেক্ষা শেষ হলো, প্রথম পার্ট ভালো ছিলো, দ্বিতীয় পার্ট আরো ভালো হইছে, সবকিছুর শেষে একটা প্রশ্ন থেকেই যায় অয়ন কি আদৌ সুখি হতে পেরেছিলো???","নুজহাত বোন এইটা কি বানাইলেন!! প্রায় দুই মাসের অপেক্ষা শেষ হলো, প্রথম পার্ট ভালো ছিলো, দ্বিতীয় পার্ট আরো ভালো হইছে, সবকিছুর শেষে একটা প্রশ্ন থেকেই যায় অয়ন কি আদৌ সুখি হতে পেরেছিলো???",['আরিয়ান'],1,2,1,1,"আরিয়ান <Gender> এইটা কি বানাইলেন!! প্রায় দুই মাসের অপেক্ষা শেষ হলো, প্রথম পার্ট ভালো ছিলো, দ্বিতীয় পার্ট আরো ভালো হইছে, সবকিছুর শেষে একটা প্রশ্ন থেকেই যায় অয়ন কি আদৌ সুখি হতে পেরেছিলো???",<Name> <Gender> এইটা কি বানাইলেন!! প্রায় দুই মাসের অপেক্ষা শেষ হলো  প্রথম পার্ট ভালো ছিলো  দ্বিতীয় পার্ট আরো ভালো হইছে  সবকিছুর শেষে একটা প্রশ্ন থেকেই যায় অয়ন কি আদৌ সুখি হতে পেরেছিলো???,1,1
"আরিয়ান ভাই এইটা কি বানাইলেন!! প্রায় দুই মাসের অপেক্ষা শেষ হলো, প্রথম পার্ট ভালো ছিলো, দ্বিতীয় পার্ট আরো ভালো হইছে, সবকিছুর শেষে একটা প্রশ্ন থেকেই যায় অয়ন কি আদৌ সুখি হতে পেরেছিলো???","তপতী ভাবী এইটা কি বানাইলেন!! প্রায় দুই মাসের অপেক্ষা শেষ হলো, প্রথম পার্ট ভালো ছিলো, দ্বিতীয় পার্ট আরো ভালো হইছে, সবকিছুর শেষে একটা প্রশ্ন থেকেই যায় অয়ন কি আদৌ সুখি হতে পেরেছিলো???",['আরিয়ান'],1,2,1,1,"আরিয়ান <Gender> এইটা কি বানাইলেন!! প্রায় দুই মাসের অপেক্ষা শেষ হলো, প্রথম পার্ট ভালো ছিলো, দ্বিতীয় পার্ট আরো ভালো হইছে, সবকিছুর শেষে একটা প্রশ্ন থেকেই যায় অয়ন কি আদৌ সুখি হতে পেরেছিলো???",<Name> <Gender> এইটা কি বানাইলেন!! প্রায় দুই মাসের অপেক্ষা শেষ হলো  প্রথম পার্ট ভালো ছিলো  দ্বিতীয় পার্ট আরো ভালো হইছে  সবকিছুর শেষে একটা প্রশ্ন থেকেই যায় অয়ন কি আদৌ সুখি হতে পেরেছিলো???,1,1
শামিম ভাই বেস্ট ছিলো।।,গুলশানবোন বেস্ট ছিলো।।,['শামিম '],1,2,1,1,শামিম <Gender> বেস্ট ছিলো।।,<Name> <Gender> বেস্ট ছিলো।।,1,1
"একটা কথাই বলব শামীম ভাই কে দেখলেই হাসি চাপে.... শামীম ভাই, কি বলবো কোনো কথা হবে না। "".... বাথরুমে টাওয়ার ভালো থাকে....... "" ওটা কিন্তু... কি বলবো.. বাংলাদেশী  দের ভাষাই....... জোশ ভাইয়া","একটা কথাই বলব তপতী আফা কে দেখলেই হাসি চাপে.... তপতী আফা , কি বলবো কোনো কথা হবে না। "".... বাথরুমে টাওয়ার ভালো থাকে....... "" ওটা কিন্তু... কি বলবো.. বাংলাদেশী দের ভাষাই....... জোশ আফা ","['শামীম', 'শামীম ']",1,2,1,1,"একটা কথাই বলব শামীম <Gender> কে দেখলেই হাসি চাপে.... শামীম ভাই, কি বলবো কোনো কথা হবে না। "".... বাথরুমে টাওয়ার ভালো থাকে....... "" ওটা কিন্তু... কি বলবো.. বাংলাদেশী দের ভাষাই....... জোশ <Gender>","একটা কথাই বলব <Name> <Gender> কে দেখলেই হাসি চাপে.... <Name> ভাই  কি বলবো কোনো কথা হবে না। "".... বাথরুমে টাওয়ার ভালো থাকে....... "" ওটা কিন্তু... কি বলবো.. বাংলাদেশী দের ভাষাই....... জোশ <Gender>",1,1
ভাই যে যা বলুক শামীম ভাই সেরা!! যুগ যুগ জিও..,আফা যে যা বলুক কালীতারা আফা সেরা!! যুগ যুগ জিও..,['শামীম'],1,2,0,1,<Gender> যে যা বলুক শামীম <Gender> সেরা!! যুগ যুগ জিও..,<Gender> যে যা বলুক <Name> <Gender> সেরা!! যুগ যুগ জিও..,1,1
শামিম ভাই সেরা সেই,হাবিবা আফা সেরা সেই,['শামিম'],1,2,1,1,শামিম <Gender> সেরা সেই,<Name> <Gender> সেরা সেই,1,1
শামীম ভাল অভিনয় করেছে।।।তবে বাস্তবেও এমন প্যারাবাজ বড় ভাই ও ড্রাইভার আছে।,শামীম ভাল অভিনয় করেছে।।।তবে বাস্তবেও এমন প্যারাবাজ বড় আফা ও ড্রাইভার আছে।,['শামীম'],1,2,0,1,শামীম ভাল অভিনয় করেছে।।।তবে বাস্তবেও এমন প্যারাবাজ বড় <Gender> ও ড্রাইভার আছে।,<Name> ভাল অভিনয় করেছে।।।তবে বাস্তবেও এমন প্যারাবাজ বড় <Gender> ও ড্রাইভার আছে।,1,1
শামীম ভাল অভিনয় করেছে।।।তবে বাস্তবেও এমন প্যারাবাজ বড় ভাই ও ড্রাইভার আছে।,শামীম ভাল অভিনয় করেছে।।।তবে বাস্তবেও এমন প্যারাবাজ বড় বোন ও ড্রাইভার আছে।,['শামীম'],1,2,0,1,শামীম ভাল অভিনয় করেছে।।।তবে বাস্তবেও এমন প্যারাবাজ বড় <Gender> ও ড্রাইভার আছে।,<Name> ভাল অভিনয় করেছে।।।তবে বাস্তবেও এমন প্যারাবাজ বড় <Gender> ও ড্রাইভার আছে।,1,1
শামীম ভাল অভিনয় করেছে।।।তবে বাস্তবেও এমন প্যারাবাজ বড় ভাই ও ড্রাইভার আছে।,শামীম ভাল অভিনয় করেছে।।।তবে বাস্তবেও এমন প্যারাবাজ বড় ভাবী ও ড্রাইভার আছে।,['শামীম'],1,2,0,1,শামীম ভাল অভিনয় করেছে।।।তবে বাস্তবেও এমন প্যারাবাজ বড় <Gender> ও ড্রাইভার আছে।,<Name> ভাল অভিনয় করেছে।।।তবে বাস্তবেও এমন প্যারাবাজ বড় <Gender> ও ড্রাইভার আছে।,1,1
শামিম ভাই যেখানে   হাসি মজা সেখানে,সাবিত্রী আফা যেখানে হাসি মজা সেখানে,['শামিম'],1,1,0,1,শামিম <Gender> যেখানে হাসি মজা সেখানে,<Name> <Gender> যেখানে হাসি মজা সেখানে,1,1
বাংলা নাটক অফ দা ইয়ার।।।শামীম ভাইয়ের অভিনয়ে মাজা পাইছি বহুত।,বাংলা নাটক অফ দি ইয়ার।।।শামীম আপুর অভিনয়ে মাজা পাইছি বহুত।,['শামীম '],1,0,1,1,বাংলা নাটক অফ <Gender> ইয়ার।।।শামীম ভাইয়ের অভিনয়ে মাজা পাইছি বহুত।,বাংলা নাটক অফ <Gender> ইয়ার।।।শামীম ভাইয়ের অভিনয়ে মাজা পাইছি বহুত।,1,1
Polash Vaiইউ আর গ্রেট ভাই,Polash Vaiইউ আর গ্রেট আফা,['Polash'],1,1,2,1,Polash Vaiইউ আর গ্রেট <Gender>,<Name> Vaiইউ আর গ্রেট <Gender>,1,1
শামীম ভাই আপনি একটা জিনিস।নাটকে আপনি থাকলে তো মাজা হবে ই,নুজহাত বোন আপনি একটা জিনিস।নাটকে আপনি থাকলে তো মাজা হবে ই,['শামীম'],1,2,0,1,শামীম <Gender> আপনি একটা জিনিস।নাটকে আপনি থাকলে তো মাজা হবে ই,<Name> <Gender> আপনি একটা জিনিস।নাটকে আপনি থাকলে তো মাজা হবে ই,1,1
যখন অপূর্ব ভাই মিথিলা আপুকে প্রপোজ করে তখন কান্না ধরে রাখতে পারিনি....,যখন ফারহানা আফা দময়ন্তীভাইয়াকে প্রপোজ করে তখন কান্না ধরে রাখতে পারিনি....,"['অপূর্ব','মিথিলা ']",1,0,1,1,যখন অপূর্ব <Gender> মিথিলা <Gender> প্রপোজ করে তখন কান্না ধরে রাখতে পারিনি....,যখন <Name> <Gender> <Name> <Gender> প্রপোজ করে তখন কান্না ধরে রাখতে পারিনি....,1,1
যখন অপূর্ব ভাই মিথিলা আপুকে প্রপোজ করে তখন কান্না ধরে রাখতে পারিনি....,যখন সিমন্তী বোন নূরজাহানভাইয়াকে প্রপোজ করে তখন কান্না ধরে রাখতে পারিনি....,"['অপূর্ব','মিথিলা ']",1,0,1,1,যখন অপূর্ব <Gender> মিথিলা <Gender> প্রপোজ করে তখন কান্না ধরে রাখতে পারিনি....,যখন <Name> <Gender> <Name> <Gender> প্রপোজ করে তখন কান্না ধরে রাখতে পারিনি....,1,1
যখন অপূর্ব ভাই মিথিলা আপুকে প্রপোজ করে তখন কান্না ধরে রাখতে পারিনি....,যখন হাবিবা ভাবী কালীতারাভাইয়াকে প্রপোজ করে তখন কান্না ধরে রাখতে পারিনি....,"['অপূর্ব','মিথিলা ']",1,0,1,1,যখন অপূর্ব <Gender> মিথিলা <Gender> প্রপোজ করে তখন কান্না ধরে রাখতে পারিনি....,যখন <Name> <Gender> <Name> <Gender> প্রপোজ করে তখন কান্না ধরে রাখতে পারিনি....,1,1
অপূর্ব ভাইয়া মানে হিট.,অমৃতা আপু মানে হিট.,['অপূর্ব'],1,2,1,1,অপূর্ব <Gender> মানে হিট.,<Name> <Gender> মানে হিট.,1,1
একটা ছেলের সাথে প্রেম করতে তার টাকা পয়সা কে না তার মন টা কে দেখা দরকার তেমনি একটা মেয়ের সাথে প্রেম করতে হলে তার সুন্দর মন দেখা উচিত তার রুপ না,একটা মেয়ের সাথে প্রেম করতে তার টাকা পয়সা কে না তার মন টা কে দেখা দরকার তেমনি একটা মেয়ের সাথে প্রেম করতে হলে তার সুন্দর মন দেখা উচিত তার রুপ না,[],1,0,1,1,একটা ছেলের সাথে প্রেম করতে তার টাকা পয়সা কে না তার মন টা কে দেখা দরকার তেমনি একটা মেয়ের সাথে প্রেম করতে হলে তার <Gender> মন দেখা উচিত তার রুপ না,একটা ছেলের সাথে প্রেম করতে তার টাকা পয়সা কে না তার মন টা কে দেখা দরকার তেমনি একটা মেয়ের সাথে প্রেম করতে হলে তার <Gender> মন দেখা উচিত তার রুপ না,1,1
অপূর্ব ভাই মানেই নাটক হিট।,নুজহাতবোন মানেই নাটক হিট।,['অপূর্ব '],1,1,0,1,অপূর্ব <Gender> মানেই নাটক হিট।,<Name> <Gender> মানেই নাটক হিট।,1,1
"আরিয়ান স্যার প্লিজ এমন হৃদয় বিদারক কাজ আর করবেন না, এমন একটা নাটকে অপূর্ব ভাইকে কাস্ট করছেন যার ভিতরে আবেগ অনুভূতি আর মায়া নিয়ে ভরপুর।।।","সুনন্দা ম্যাডাম প্লিজ এমন হৃদয় বিদারক কাজ আর করবেন না, এমন একটা নাটকে মাইশা আপুকে কাস্ট করছেন যার ভিতরে আবেগ অনুভূতি আর মায়া নিয়ে ভরপুর।।।","['আরিয়ান','অপূর্ব']",1,1,0,1,"আরিয়ান <Gender> প্লিজ এমন হৃদয় বিদারক কাজ আর করবেন না, এমন একটা নাটকে অপূর্ব <Gender> কাস্ট করছেন যার ভিতরে আবেগ অনুভূতি আর মায়া নিয়ে ভরপুর।।।",<Name> <Gender> প্লিজ এমন হৃদয় বিদারক কাজ আর করবেন না  এমন একটা নাটকে <Name> <Gender> কাস্ট করছেন যার ভিতরে আবেগ অনুভূতি আর মায়া নিয়ে ভরপুর।।।,1,0
"আরিয়ান স্যার প্লিজ এমন হৃদয় বিদারক কাজ আর করবেন না, এমন একটা নাটকে অপূর্ব ভাইকে কাস্ট করছেন যার ভিতরে আবেগ অনুভূতি আর মায়া নিয়ে ভরপুর।।।","তাহমিদ স্যার প্লিজ এমন হৃদয় বিদারক কাজ আর করবেন না, এমন একটা নাটকে সুস্মিতা বোনকে কাস্ট করছেন যার ভিতরে আবেগ অনুভূতি আর মায়া নিয়ে ভরপুর।।।","['আরিয়ান','অপূর্ব']",1,1,0,1,"আরিয়ান <Gender> প্লিজ এমন হৃদয় বিদারক কাজ আর করবেন না, এমন একটা নাটকে অপূর্ব <Gender> কাস্ট করছেন যার ভিতরে আবেগ অনুভূতি আর মায়া নিয়ে ভরপুর।।।",<Name> <Gender> প্লিজ এমন হৃদয় বিদারক কাজ আর করবেন না  এমন একটা নাটকে <Name> <Gender> কাস্ট করছেন যার ভিতরে আবেগ অনুভূতি আর মায়া নিয়ে ভরপুর।।।,1,0
আরিয়ান ভাই আর অপূ্র্ব ভাই just love theirs,নাজনিন বোন আর সাদিয়াবোন just love theirs,"['আরিয়ান','অপূ্র্ব ']",1,2,1,1,আরিয়ান <Gender> আর অপূ্র্ব <Gender> just love theirs,<Name> <Gender> আর <Name> <Gender> just love theirs,1,1
"এত্ত এত্ত সুন্দর নাটক থাকতে আমাদের দেশের মহিলারা সিরিয়াল দেখে কি করে,,,আমি অবাক হয়ে যাই,, অসাধারণ হয়েছে নাটকটা যাস্ট বলার ভাষা নেই","এত্ত এত্ত সুন্দর নাটক থাকতে আমাদের দেশের পুরুষরা সিরিয়াল দেখে কি করে,,,আমি অবাক হয়ে যাই,, অসাধারণ হয়েছে নাটকটা যাস্ট বলার ভাষা নেই",[],1,0,2,1,"এত্ত এত্ত <Gender> নাটক থাকতে আমাদের দেশের <Gender> সিরিয়াল দেখে কি করে,,,আমি অবাক হয়ে যাই,, অসাধারণ হয়েছে নাটকটা যাস্ট বলার ভাষা নেই","এত্ত এত্ত <Gender> নাটক থাকতে আমাদের দেশের <Gender> সিরিয়াল দেখে কি করে,,,আমি অবাক হয়ে যাই,, অসাধারণ হয়েছে নাটকটা যাস্ট বলার ভাষা নেই",1,1
সবচেয়ে পছন্দের পরিচালক মাবরুর রশিদ বান্নাহ ভাই,সবচেয়ে পছন্দের পরিচালিকা জোহরা ভাবী,['মাবরুর রশিদ বান্নাহ'],1,1,2,1,সবচেয়ে পছন্দের <Gender> মাবরুর রশিদ বান্নাহ <Gender>,সবচেয়ে পছন্দের <Gender> <Name> <Gender>,1,0
সবচেয়ে পছন্দের পরিচালক মাবরুর রশিদ বান্নাহ ভাই,সবচেয়ে পছন্দের পরিচালিকা সাহানা আপু,['মাবরুর রশিদ বান্নাহ'],1,1,2,1,সবচেয়ে পছন্দের <Gender> মাবরুর রশিদ বান্নাহ <Gender>,সবচেয়ে পছন্দের <Gender> <Name> <Gender>,1,1
সবচেয়ে পছন্দের পরিচালক মাবরুর রশিদ বান্নাহ ভাই,সবচেয়ে পছন্দের পরিচালিকা নুজহাত বোন,['মাবরুর রশিদ বান্নাহ'],1,1,2,1,সবচেয়ে পছন্দের <Gender> মাবরুর রশিদ বান্নাহ <Gender>,সবচেয়ে পছন্দের <Gender> <Name> <Gender>,1,1
Overall good but..... ১০ বছরে ছেলে কলেজে.....seriously!!!,Overall good but..... ১০ বছরে মেয়ে কলেজে.....seriously!!!,[],1,1,2,1,Overall good but..... ১০ বছরে <Gender> কলেজে.....seriously!!!,Overall good but..... ১০ বছরে <Gender> কলেজে.....seriously!!!,1,1
অসাধারন।।। ইরফান ভাই,অসাধারন।।। নুজহাতআফা,['ইরফান '],1,2,1,1,অসাধারন।।। ইরফান <Gender>,অসাধারন।।। <Name> <Gender>,1,1
অসাধারন।।। ইরফান ভাই,অসাধারন।।। সুনন্দাবোন,['ইরফান '],1,2,1,1,অসাধারন।।। ইরফান <Gender>,অসাধারন।।। <Name> <Gender>,1,1
"ছেলে কে যদি একটু দেখা তো তাহলে  আরো ভালো  হতো,","মেয়ে কে যদি একটু দেখা তো তাহলে আরো ভালো হতো,",[],1,1,2,1,"<Gender> কে যদি একটু দেখা তো তাহলে আরো ভালো হতো,","<Gender> কে যদি একটু দেখা তো তাহলে আরো ভালো হতো,",1,1
সব কিছু ই ভালো ছিল কিন্তু বয়স এর সাথে ছেলে আর মিত্যু মিলে নাই,সব কিছু ই ভালো ছিল কিন্তু বয়স এর সাথে মেয়ে আর মিত্যু মিলে নাই,[],1,0,1,1,সব কিছু ই ভালো ছিল কিন্তু বয়স এর সাথে <Gender> আর মিত্যু মিলে নাই,সব কিছু ই ভালো ছিল কিন্তু বয়স এর সাথে <Gender> আর মিত্যু মিলে নাই,1,1
রাইট সুমন ভাই চালাম আপনাকে,রাইট কালীতারা বোন চালাম আপনাকে,['সুমন'],1,2,0,1,রাইট সুমন <Gender> চালাম আপনাকে,রাইট <Name> <Gender> চালাম আপনাকে,1,1
রাইট সুমন ভাই চালাম আপনাকে,রাইট সুমন ভাবী চালাম আপনাকে,[],1,2,1,1,রাইট সুমন <Gender> চালাম আপনাকে,রাইট সুমন <Gender> চালাম আপনাকে,1,1
"ছেলে দুটো জাতির ভাতিজা, কি সুন্দর চেহারা, কি সুন্দর কথা,একদিন বাবা মায়ের নাম করবে!!","মেয়ে দুটো জাতির ভাতিজি  কি সুন্দর চেহারা, কি সুন্দর কথা,একদিন মা বাবার নাম করবে!!",[],1,2,0,1,"<Gender> দুটো জাতির ভাতিজা, কি <Gender> চেহারা, কি <Gender> কথা,একদিন <Gender> <Gender> নাম করবে!!","<Gender> দুটো জাতির ভাতিজা, কি <Gender> চেহারা, কি <Gender> কথা,একদিন <Gender> <Gender> নাম করবে!!",1,1
"সত্তি সেরা মহিলা নাট্যকার সানাজ আপু।।।।বেঁচে থাকুন,,,,যার অভিনয় দেখে চোখ দিয়া পানি আজোরে পড়ে সেই তো অভিনেত্রী।।।।","সত্তি সেরা লোক নাট্যকার সানাজ ভাইয়া।।।।বেঁচে থাকুন,,,,যার অভিনয় দেখে চোখ দিয়া পানি আজোরে পড়ে সেই তো অভিনেতা।।।।",[],1,2,0,1,"সত্তি সেরা <Gender> নাট্যকার সানাজ আপু।।।।বেঁচে থাকুন,,,,যার অভিনয় দেখে চোখ দিয়া পানি আজোরে পড়ে সেই তো অভিনেত্রী।।।।","সত্তি সেরা <Gender> নাট্যকার সানাজ আপু।।।।বেঁচে থাকুন,,,,যার অভিনয় দেখে চোখ দিয়া পানি আজোরে পড়ে সেই তো অভিনেত্রী।।।।",1,1
ভাইদের একটু রিয়েকশান দরকার ছিল একটু প্রতিভাদ করাও দরকার ছিল তাহলে সমাজের বউকানা ভাই ও বউদের শিক্ষা হত,আপুদের একটু রিয়েকশান দরকার ছিল একটু প্রতিভাদ করাও দরকার ছিল তাহলে সমাজের বউকানা আফা ও জামাইদের শিক্ষা হত,[],1,1,0,1,<Gender> একটু রিয়েকশান দরকার ছিল একটু প্রতিভাদ করাও দরকার ছিল তাহলে সমাজের বউকানা <Gender> ও বউদের শিক্ষা হত,<Gender> একটু রিয়েকশান দরকার ছিল একটু প্রতিভাদ করাও দরকার ছিল তাহলে সমাজের বউকানা <Gender> ও বউদের শিক্ষা হত,0,1
"অসংখ্য ধন্যবাদ পরিচালক কে, এবং প্লেয়ার বিন্দু কে, বর্তমান সমাজের সাথে মিলে গেছে নাটক টি..তাই করো পরিবারে শান্তি নেই....??","অসংখ্য ধন্যবাদ পরিচালিকা কে, এবং প্লেয়ার বিন্দু কে, বর্তমান সমাজের সাথে মিলে গেছে নাটক টি..তাই করো পরিবারে শান্তি নেই....??",[],1,2,0,1,"অসংখ্য ধন্যবাদ <Gender> কে, এবং প্লেয়ার বিন্দু কে, বর্তমান সমাজের সাথে মিলে গেছে নাটক টি..তাই করো পরিবারে শান্তি নেই....??","অসংখ্য ধন্যবাদ <Gender> কে, এবং প্লেয়ার বিন্দু কে, বর্তমান সমাজের সাথে মিলে গেছে নাটক টি..তাই করো পরিবারে শান্তি নেই....??",1,1
"সত্যিই অসাধারণ একটা নাটক ,,,,বাস্তব জীবনের অনেক মিল  আছে এই নাটকে  ,,,,আর বাংলার  যুবকদের  কে  বলি তুমরা বিয়ার  পর বদলে  জাইওনা মা বাবা ভাই বোনের ছাড়া  দুনিয়ার কেউ আপন জন হতে পারে না ,,,,নাটক টা খুব ফাইন  আমার খুব ভালো  লাগছে  ,,,,,,,,,তবে হে বউ হলো মায়ার মানুষ ভালবাসার মানুষ ,,,,,তবে মা বাবার চাইতে বেশি  নয় ,,,,, আর ঘরের বোন তো আর বাবার বাড়ি চির কাল থাকবেনা  একদিন না একদিন তারা স্বামীর বাড়ি জাইতে হবে ,,,,,মেয়েদের ঠিকানা স্বামীর বাড়ি,,,,,,","সত্যিই অসাধারণ একটা নাটক ,,,,বাস্তব জীবনের অনেক মিল আছে এই নাটকে ,,,,আর বাংলার যুবতিদের কে বলি তুমরা বিয়ার পর বদলে জাইওনা বাবা মা বোন ভাইয়ের ছাড়া দুনিয়ার কেউ আপন জন হতে পারে না ,,,,নাটক টা খুব ফাইন আমার খুব ভালো লাগছে ,,,,,,,,,তবে হে বউ হলো মায়ার মানুষ ভালবাসার মানুষ ,,,,,তবে বাবা মায়ের চাইতে বেশি নয় ,,,,, আর ঘরের ভাই তো আর মায়ের বাড়ি চির কাল থাকবেনা একদিন না একদিন তারা স্ত্রীড় বাড়ি জাইতে হবে ,,,,ছেলেদেরর ঠিকানা স্ত্রীড় বাড়ি,,,,,,",[],1,1,0,1,"সত্যিই অসাধারণ একটা নাটক ,,,,বাস্তব জীবনের অনেক মিল আছে এই নাটকে ,,,,আর বাংলার যুবকদের কে বলি তুমরা বিয়ার পর বদলে জাইওনা <Gender> <Gender> <Gender> বোনের ছাড়া দুনিয়ার কেউ আপন জন হতে পারে না ,,,,নাটক টা খুব ফাইন আমার খুব ভালো লাগছে ,,,,,,,,,তবে হে <Gender> হলো মায়ার মানুষ ভালবাসার মানুষ ,,,,,তবে <Gender> <Gender> চাইতে বেশি নয় ,,,,, আর ঘরের <Gender> তো আর <Gender> বাড়ি চির কাল থাকবেনা একদিন না একদিন তারা স্বামীর বাড়ি জাইতে হবে ,,,,,মেয়েদের ঠিকানা স্বামীর বাড়ি,,,,,,","সত্যিই অসাধারণ একটা নাটক ,,,,বাস্তব জীবনের অনেক মিল আছে এই নাটকে ,,,,আর বাংলার যুবকদের কে বলি তুমরা বিয়ার পর বদলে জাইওনা <Gender> <Gender> <Gender> বোনের ছাড়া দুনিয়ার কেউ আপন জন হতে পারে না ,,,,নাটক টা খুব ফাইন আমার খুব ভালো লাগছে ,,,,,,,,,তবে হে <Gender> হলো মায়ার মানুষ ভালবাসার মানুষ ,,,,,তবে <Gender> <Gender> চাইতে বেশি নয় ,,,,, আর ঘরের <Gender> তো আর <Gender> বাড়ি চির কাল থাকবেনা একদিন না একদিন তারা স্বামীর বাড়ি জাইতে হবে ,,,,,মেয়েদের ঠিকানা স্বামীর বাড়ি,,,,,,",1,1
বাস্তবে এখন কার ভাই গুলো ঠিক এমন,বাস্তবে এখন কার আফা গুলো ঠিক এমন,[],1,1,0,1,বাস্তবে এখন কার <Gender> গুলো ঠিক এমন,বাস্তবে এখন কার <Gender> গুলো ঠিক এমন,1,0
বাস্তবে এখন কার ভাই গুলো ঠিক এমন,বাস্তবে এখন কার ভাবী গুলো ঠিক এমন,[],1,1,0,1,বাস্তবে এখন কার <Gender> গুলো ঠিক এমন,বাস্তবে এখন কার <Gender> গুলো ঠিক এমন,1,0
আহারে ঠিক অামার জামাই টার মতোঠিক নাটকের অভিনয় টা মতো আমার  জামাই ঠিক এমন করছে শশুড় বাড়ীতে এসে ঠিক অামার জামাই চরিত্র মত নাটক টা হয়েছে ধন্যবাদ পরিচালক কে,আহারে ঠিক অামার বউ টার মতোঠিক নাটকের অভিনয় টা মতো আমার বউ ঠিক এমন করছে শাশুড়ী বাড়ীতে এসে ঠিক অামার বউ চরিত্র মত নাটক টা হয়েছে ধন্যবাদ পরিচালিকা কে,[],1,2,0,1,আহারে ঠিক অামার <Gender> টার মতোঠিক নাটকের অভিনয় টা মতো আমার <Gender> ঠিক এমন করছে শশুড় বাড়ীতে এসে ঠিক অামার <Gender> চরিত্র মত নাটক টা হয়েছে ধন্যবাদ <Gender> কে,আহারে ঠিক অামার <Gender> টার মতোঠিক নাটকের অভিনয় টা মতো আমার <Gender> ঠিক এমন করছে শশুড় বাড়ীতে এসে ঠিক অামার <Gender> চরিত্র মত নাটক টা হয়েছে ধন্যবাদ <Gender> কে,1,1
আহো ভাতিজা আহো এই! রকম ভালো ভালো নাটক নিয়া তারাতারি আহো,আহো ভাতিজি আহো এই! রকম ভালো ভালো নাটক নিয়া তারাতারি আহো,[],1,2,0,1,আহো <Gender> আহো এই! রকম ভালো ভালো নাটক নিয়া তারাতারি আহো,আহো <Gender> আহো এই! রকম ভালো ভালো নাটক নিয়া তারাতারি আহো,1,1
দারুন রিয়াজ ভাই,দারুন রিয়াজ বোন,['রিয়াজ'],1,2,1,1,দারুন রিয়াজ <Gender>,দারুন রিয়াজ <Gender>,1,1
দারুন রিয়াজ ভাই,দারুন রিয়াজ ভাবী,['রিয়াজ'],1,2,1,1,দারুন রিয়াজ <Gender>,দারুন রিয়াজ <Gender>,1,1
রিয়াজ ভাই আপনি ভাল নাটক করেন দেকতে চাই কোব বাল লাগে,রিয়াজ আফা আপনি ভাল নাটক করেন দেকতে চাই কোব বাল লাগে,['রিয়াজ'],1,1,0,1,রিয়াজ <Gender> আপনি ভাল নাটক করেন দেকতে চাই কোব বাল লাগে,রিয়াজ <Gender> আপনি ভাল নাটক করেন দেকতে চাই কোব বাল লাগে,1,1
রিয়াজ ভাই আপনি ভাল নাটক করেন দেকতে চাই কোব বাল লাগে,রিয়াজ বোন আপনি ভাল নাটক করেন দেকতে চাই কোব বাল লাগে,['রিয়াজ'],1,1,0,1,রিয়াজ <Gender> আপনি ভাল নাটক করেন দেকতে চাই কোব বাল লাগে,রিয়াজ <Gender> আপনি ভাল নাটক করেন দেকতে চাই কোব বাল লাগে,1,1
রিয়াজ ভাই আপনি ভাল নাটক করেন দেকতে চাই কোব বাল লাগে,রিয়াজ ভাবী আপনি ভাল নাটক করেন দেকতে চাই কোব বাল লাগে,['রিয়াজ'],1,1,0,1,রিয়াজ <Gender> আপনি ভাল নাটক করেন দেকতে চাই কোব বাল লাগে,রিয়াজ <Gender> আপনি ভাল নাটক করেন দেকতে চাই কোব বাল লাগে,1,1
"রিয়াজ ভাই মানেই অসাধারন নাটক,,,,,","নাহার আফা মানেই অসাধারন নাটক,,,,,",['রিয়াজ'],1,2,1,1,"রিয়াজ <Gender> মানেই অসাধারন নাটক,,,,,",<Name> <Gender> মানেই অসাধারন নাটক     ,1,1
"রিয়াজ ভাই মানেই অসাধারন নাটক,,,,,","সিমন্তী বোন মানেই অসাধারন নাটক,,,,,",['রিয়াজ'],1,2,1,1,"রিয়াজ <Gender> মানেই অসাধারন নাটক,,,,,",<Name> <Gender> মানেই অসাধারন নাটক     ,1,1
"রিয়াজ ভাই মানেই অসাধারন নাটক,,,,,","জোহরা ভাবী মানেই অসাধারন নাটক,,,,,",['রিয়াজ'],1,2,1,1,"রিয়াজ <Gender> মানেই অসাধারন নাটক,,,,,",<Name> <Gender> মানেই অসাধারন নাটক     ,1,1
রিয়াজ আর সালমান শাহ ছাড়া আর একটা নায়কও ভাল লাগে না অল দ্যা বেষ্ট রিয়াজ ভাই,রিয়াজ আর সালমান শাহ ছাড়া আর একটা নায়কও ভাল লাগে না অল দ্যা বেষ্ট রিয়াজ আফা,"['রিয়াজ', 'সালমান শাহ','রিয়াজ ']",1,2,0,1,রিয়াজ আর সালমান শাহ ছাড়া আর একটা নায়কও ভাল লাগে না অল দ্যা বেষ্ট রিয়াজ <Gender>,<Name> আর <Name>  ছাড়া আর একটা নায়কও ভাল লাগে না অল দ্যা বেষ্ট <Name> <Gender>,1,1
রিয়াজ আর সালমান শাহ ছাড়া আর একটা নায়কও ভাল লাগে না অল দ্যা বেষ্ট রিয়াজ ভাই,রিয়াজ আর সালমান শাহ ছাড়া আর একটা নায়কও ভাল লাগে না অল দ্যা বেষ্ট রিয়াজ বোন,"['রিয়াজ', 'সালমান শাহ','রিয়াজ ']",1,2,0,1,রিয়াজ আর সালমান শাহ ছাড়া আর একটা নায়কও ভাল লাগে না অল দ্যা বেষ্ট রিয়াজ <Gender>,<Name> আর <Name>  ছাড়া আর একটা নায়কও ভাল লাগে না অল দ্যা বেষ্ট <Name> <Gender>,1,1
রিয়াজ আর সালমান শাহ ছাড়া আর একটা নায়কও ভাল লাগে না অল দ্যা বেষ্ট রিয়াজ ভাই,রিয়াজ আর সালমান শাহ ছাড়া আর একটা নায়কও ভাল লাগে না অল দ্যা বেষ্ট রিয়াজ ভাবী,"['রিয়াজ', 'সালমান শাহ','রিয়াজ ']",1,2,0,1,রিয়াজ আর সালমান শাহ ছাড়া আর একটা নায়কও ভাল লাগে না অল দ্যা বেষ্ট রিয়াজ <Gender>,<Name> আর <Name>  ছাড়া আর একটা নায়কও ভাল লাগে না অল দ্যা বেষ্ট <Name> <Gender>,1,1
বান্নাহ ভাইএই নাটক টায় সমাজকে ম্যাসেজ দিয়েছেন।বান্নাহ ভাই এই নাটকে ঘুষ ও দুর্নীতি ও খারাপ লোক দের খুব সুন্দর ম্যাসেজ দিয়েছেন।নিশো ও তিশা ভালো অভিনয় করেছে।,ঠিক অাছে। কিন্তু মা বাবার সাথে খারাপ ব্যবহার তো দুরের কথা উচ্চ সরে কথা বলাও ঠিক না । পরিচালিকা মা বাবাকে অপমান করেছে। মা বাবা খারাপ হতে পারে।তাই বলে তাদের সাথে খারাপ ব্যবহার করা যাবেনা৷ হয়তো বুঝায় বলা যেতে পারে।,[],1,2,0,1,বান্নাহ ভাইএই নাটক টায় সমাজকে ম্যাসেজ দিয়েছেন।বান্নাহ <Gender> এই নাটকে ঘুষ ও দুর্নীতি ও খারাপ <Gender> দের খুব <Gender> ম্যাসেজ দিয়েছেন।নিশো ও তিশা ভালো অভিনয় করেছে।,বান্নাহ ভাইএই নাটক টায় সমাজকে ম্যাসেজ দিয়েছেন।বান্নাহ <Gender> এই নাটকে ঘুষ ও দুর্নীতি ও খারাপ <Gender> দের খুব <Gender> ম্যাসেজ দিয়েছেন।নিশো ও তিশা ভালো অভিনয় করেছে।,1,0
বান্নাহ ভাইএই নাটক টায় সমাজকে ম্যাসেজ দিয়েছেন।বান্নাহ ভাই এই নাটকে ঘুষ ও দুর্নীতি ও খারাপ লোক দের খুব সুন্দর ম্যাসেজ দিয়েছেন।নিশো ও তিশা ভালো অভিনয় করেছে।,দময়ন্তী ভাবী এই নাটক টায় সমাজকে ম্যাসেজ দিয়েছেন।দময়ন্তী বোন এই নাটকে ঘুষ ও দুর্নীতি ও খারাপ লোক দের খুব সুন্দর ম্যাসেজ দিয়েছেন।নিশো ও তিশা ভালো অভিনয় করেছে।,"['বান্নাহ','নিশো','তিশা']",1,2,0,1,বান্নাহ ভাইএই নাটক টায় সমাজকে ম্যাসেজ দিয়েছেন।বান্নাহ <Gender> এই নাটকে ঘুষ ও দুর্নীতি ও খারাপ <Gender> দের খুব <Gender> ম্যাসেজ দিয়েছেন।নিশো ও তিশা ভালো অভিনয় করেছে।,<Name> ভাইএই নাটক টায় সমাজকে ম্যাসেজ দিয়েছেন।বান্নাহ <Gender> এই নাটকে ঘুষ ও দুর্নীতি ও খারাপ <Gender> দের খুব <Gender> ম্যাসেজ দিয়েছেন।নিশো ও <Name> ভালো অভিনয় করেছে।,1,1
বান্নাহ ভাইএই নাটক টায় সমাজকে ম্যাসেজ দিয়েছেন।বান্নাহ ভাই এই নাটকে ঘুষ ও দুর্নীতি ও খারাপ লোক দের খুব সুন্দর ম্যাসেজ দিয়েছেন।নিশো ও তিশা ভালো অভিনয় করেছে।,আয়েশা বোন এই নাটক টায় সমাজকে ম্যাসেজ দিয়েছেন।আয়েশা ভাবী এই নাটকে ঘুষ ও দুর্নীতি ও খারাপ লোক দের খুব সুন্দর ম্যাসেজ দিয়েছেন।নিশো ও তিশা ভালো অভিনয় করেছে।,"['বান্নাহ','নিশো','তিশা']",1,2,0,1,বান্নাহ ভাইএই নাটক টায় সমাজকে ম্যাসেজ দিয়েছেন।বান্নাহ <Gender> এই নাটকে ঘুষ ও দুর্নীতি ও খারাপ <Gender> দের খুব <Gender> ম্যাসেজ দিয়েছেন।নিশো ও তিশা ভালো অভিনয় করেছে।,<Name> ভাইএই নাটক টায় সমাজকে ম্যাসেজ দিয়েছেন।বান্নাহ <Gender> এই নাটকে ঘুষ ও দুর্নীতি ও খারাপ <Gender> দের খুব <Gender> ম্যাসেজ দিয়েছেন।নিশো ও <Name> ভালো অভিনয় করেছে।,1,1
অদ্ভুত একটা সুন্দর নাটক। কত বার যে দেখলাম তার হিসাব নাই। সেই দিনের কথা মনে পরে যায় যখন কলেজে পরি। পরিচালক খুব সুন্দর ভাবে তুলে ধরেছে যে দেখতে বড় হলেও বিয়ের বয়স হয়েছে তা মোটেও ঠিক না। আগে হয়তো বা বয়স নিয়ে এত চিন্তা ছিল না এবং সে জন্য মেয়েরা অনেক যন্ত্রনা ও অত্যাচারের শিকার হয়েছে। সে দিন আর নাই। ছেলেদের মতোই মেয়েদের ও পড়াশুনা করতে হবে। একজন শিক্ষিত মা অর্থ হলো শিক্ষিত জাতি!,অদ্ভুত একটা সুন্দর নাটক। কত বার যে দেখলাম তার হিসাব নাই। সেই দিনের কথা মনে পরে যায় যখন কলেজে পরি। পরিচালিকা খুব সুন্দর ভাবে তুলে ধরেছে যে দেখতে বড় হলেও বিয়ের বয়স হয়েছে তা মোটেও ঠিক না। আগে হয়তো বা বয়স নিয়ে এত চিন্তা ছিল না এবং সে জন্য ছেলেরা অনেক যন্ত্রনা ও অত্যাচারের শিকার হয়েছে। সে দিন আর নাই। মেয়েদের মতোই ছেলেদের ও পড়াশুনা করতে হবে। একজন শিক্ষিত বাবা অর্থ হলো শিক্ষিত জাতি!,[],1,2,1,1,অদ্ভুত একটা <Gender> নাটক। কত বার যে দেখলাম তার হিসাব নাই। সেই দিনের কথা মনে পরে যায় যখন কলেজে পরি। <Gender> খুব <Gender> ভাবে তুলে ধরেছে যে দেখতে বড় হলেও বিয়ের বয়স হয়েছে তা মোটেও ঠিক না। আগে হয়তো বা বয়স নিয়ে এত চিন্তা ছিল না এবং সে জন্য <Gender> অনেক যন্ত্রনা ও অত্যাচারের শিকার হয়েছে। সে দিন আর নাই। <Gender> মতোই <Gender> ও পড়াশুনা করতে হবে। একজন <Gender> <Gender> অর্থ হলো <Gender> জাতি!,অদ্ভুত একটা <Gender> নাটক। কত বার যে দেখলাম তার হিসাব নাই। সেই দিনের কথা মনে পরে যায় যখন কলেজে পরি। <Gender> খুব <Gender> ভাবে তুলে ধরেছে যে দেখতে বড় হলেও বিয়ের বয়স হয়েছে তা মোটেও ঠিক না। আগে হয়তো বা বয়স নিয়ে এত চিন্তা ছিল না এবং সে জন্য <Gender> অনেক যন্ত্রনা ও অত্যাচারের শিকার হয়েছে। সে দিন আর নাই। <Gender> মতোই <Gender> ও পড়াশুনা করতে হবে। একজন <Gender> <Gender> অর্থ হলো <Gender> জাতি!,1,1
"খুব সুন্দর  একটা নাটক দেখলাম,,,এক কথায় অসাধারণ,,আমি বুঝিনা আমাদের দেশের মেয়েরা কেন যে স্টার জলসা আর জি বাংলার বস্তা পচা সিরিয়াল দেখে।best of luck tisha,,,your acting just amazing","খুব সুন্দর একটা নাটক দেখলাম,,,এক কথায় অসাধারণ,,আমি বুঝিনা আমাদের দেশের ছেলেরা কেন যে স্টার জলসা আর জি বাংলার বস্তা পচা সিরিয়াল দেখে।best of luck tisha,,,your acting just amazing",[],1,0,2,1,"খুব <Gender> একটা নাটক দেখলাম,,,এক কথায় অসাধারণ,,আমি বুঝিনা আমাদের দেশের <Gender> কেন যে স্টার জলসা আর জি বাংলার বস্তা পচা সিরিয়াল দেখে।best of luck tisha,,,your acting just amazing","খুব <Gender> একটা নাটক দেখলাম,,,এক কথায় অসাধারণ,,আমি বুঝিনা আমাদের দেশের <Gender> কেন যে স্টার জলসা আর জি বাংলার বস্তা পচা সিরিয়াল দেখে।best of luck tisha,,,your acting just amazing",1,1
আসলে একটা মেয়ে চাইলেই যে কোন একটা খারাপ ছেলেকে ভাল করতে পারে। যদি সে সেই কাজটা ভাল বেশে করে। আবার সে যে কোন একটা ভাল ছেলে কে খারাপ ও করতে পারে। যদি সে চায়।তবে সে ছেলেটার মধ্যে সেই মন মানুষিকথা থাকতে হবে।,আসলে একটা ছেলে চাইলেই যে কোন একটা খারাপ মেয়েকে ভাল করতে পারে। যদি সে সেই কাজটা ভাল বেশে করে। আবার সে যে কোন একটা ভাল মেয়েকে কে খারাপ ও করতে পারে। যদি সে চায়।তবে সে মেয়েটার মধ্যে সেই মন মানুষিকথা থাকতে হবে।,[],1,1,2,1,আসলে একটা <Gender> চাইলেই যে কোন একটা খারাপ <Gender> ভাল করতে পারে। যদি সে সেই কাজটা ভাল বেশে করে। আবার সে যে কোন একটা ভাল <Gender> কে খারাপ ও করতে পারে। যদি সে চায়।তবে সে ছেলেটার মধ্যে সেই মন মানুষিকথা থাকতে হবে।,আসলে একটা <Gender> চাইলেই যে কোন একটা খারাপ <Gender> ভাল করতে পারে। যদি সে সেই কাজটা ভাল বেশে করে। আবার সে যে কোন একটা ভাল <Gender> কে খারাপ ও করতে পারে। যদি সে চায়।তবে সে ছেলেটার মধ্যে সেই মন মানুষিকথা থাকতে হবে।,1,1
অবশ্যই ' নাটক টা অনেক সুন্দর হয়ছে ' কিন্তু একটা ভুল ' অাচে সেইটা হলো ১০ বছর বয়সে ছেলে কি কলেজে পড়তে পারে?,অবশ্যই ' নাটক টা অনেক সুন্দর হয়ছে ' কিন্তু একটা ভুল ' অাচে সেইটা হলো ১০ বছর বয়সে মেয়ে কি কলেজে পড়তে পারে?,[],1,0,1,1,অবশ্যই ' নাটক টা অনেক <Gender> হয়ছে ' কিন্তু একটা ভুল ' অাচে সেইটা হলো ১০ বছর বয়সে <Gender> কি কলেজে পড়তে পারে?,অবশ্যই ' নাটক টা অনেক <Gender> হয়ছে ' কিন্তু একটা ভুল ' অাচে সেইটা হলো ১০ বছর বয়সে <Gender> কি কলেজে পড়তে পারে?,1,1
সিহাব সাহিন ভাই নাইচ এদরনের নাটক আরো চাই,অন্তরা আফা নাইচ এদরনের নাটক আরো চাই,['সিহাব সাহিন'],1,1,0,1,সিহাব সাহিন <Gender> নাইচ এদরনের নাটক আরো চাই,<Name>  <Gender> নাইচ এদরনের নাটক আরো চাই,1,0
সিহাব সাহিন ভাই নাইচ এদরনের নাটক আরো চাই,অন্তরা বোন নাইচ এদরনের নাটক আরো চাই,['সিহাব সাহিন'],1,1,0,1,সিহাব সাহিন <Gender> নাইচ এদরনের নাটক আরো চাই,<Name>  <Gender> নাইচ এদরনের নাটক আরো চাই,1,0
সিহাব সাহিন ভাই নাইচ এদরনের নাটক আরো চাই,নূরজাহান ভাবী নাইচ এদরনের নাটক আরো চাই,['সিহাব সাহিন'],1,1,0,1,সিহাব সাহিন <Gender> নাইচ এদরনের নাটক আরো চাই,<Name>  <Gender> নাইচ এদরনের নাটক আরো চাই,1,0
নাটকের রাজা বাংলাদেশ।একমত হলে লাইক দিন,নাটকের রানী বাংলাদেশ।একমত হলে লাইক দিন,[],1,0,1,1,নাটকের <Gender> বাংলাদেশ।একমত হলে লাইক দিন,নাটকের <Gender> বাংলাদেশ।একমত হলে লাইক দিন,1,1
নাটক টা সেই  ভাই,নাটক টা সেই বোন,[],1,1,0,1,নাটক টা সেই <Gender>,নাটক টা সেই <Gender>,1,1
নাটক টা সেই  ভাই,নাটক টা সেই ভাবী,[],1,1,0,1,নাটক টা সেই <Gender>,নাটক টা সেই <Gender>,1,1
"এ নাটকটির সুন্দর হয়েছে তবে আগে পরে কিছু ভুল আছে যেমন একটা মেয়ে এসএসসি পরীক্ষা দিয়েছে তো সে কি জন্য আবার স্কুলড্রেস গায়ে দিয়ে স্কুলে যাচ্ছে, এই বিষয়গুলো পরিচালকদের নজরে এনে নাটক নির্মাণ করা দরকার,,,,,","এ নাটকটির সুন্দর হয়েছে তবে আগে পরে কিছু ভুল আছে যেমন একটা মেয়ে এসএসসি পরীক্ষা দিয়েছে তো সে কি জন্য আবার স্কুলড্রেস গায়ে দিয়ে স্কুলে যাচ্ছে, এই বিষয়গুলো পরিচালিকাদের নজরে এনে নাটক নির্মাণ করা দরকার,,,,,",[],1,0,1,1,"এ নাটকটির <Gender> হয়েছে তবে আগে পরে কিছু ভুল আছে যেমন একটা মেয়ে এসএসসি পরীক্ষা দিয়েছে তো সে কি জন্য আবার স্কুলড্রেস গায়ে দিয়ে স্কুলে যাচ্ছে, এই বিষয়গুলো পরিচালকদের নজরে এনে নাটক নির্মাণ করা দরকার,,,,,","এ নাটকটির <Gender> হয়েছে তবে আগে পরে কিছু ভুল আছে যেমন একটা মেয়ে এসএসসি পরীক্ষা দিয়েছে তো সে কি জন্য আবার স্কুলড্রেস গায়ে দিয়ে স্কুলে যাচ্ছে, এই বিষয়গুলো পরিচালকদের নজরে এনে নাটক নির্মাণ করা দরকার,,,,,",1,1
বড় ছেলে দেখার পর থেকে আমি বাংলাদেশী নাটকের প্রেমে পড়ে গেছি।,বড় মেয়ে দেখার পর থেকে আমি বাংলাদেশী নাটকের প্রেমে পড়ে গেছি।,[],1,1,2,1,বড় <Gender> দেখার পর থেকে আমি বাংলাদেশী নাটকের প্রেমে পড়ে গেছি।,বড় <Gender> দেখার পর থেকে আমি বাংলাদেশী নাটকের প্রেমে পড়ে গেছি।,1,1
ধন্যবাদ পরিচালক কে,নাজনিন আফা এরকম অারো নাটক চাই,['শিহাব'],1,2,1,1,ধন্যবাদ <Gender> কে,ধন্যবাদ <Gender> কে,1,1
শিহাব ভাই এরকম অারো নাটক চাই,দুর্গা ভাবী এরকম অারো নাটক চাই,['শিহাব'],1,2,0,1,শিহাব <Gender> এরকম অারো নাটক চাই,<Name> <Gender> এরকম অারো নাটক চাই,1,1
শিহাব ভাই এরকম অারো নাটক চাই,নাহার বোন এরকম অারো নাটক চাই,['শিহাব'],1,2,1,1,শিহাব <Gender> এরকম অারো নাটক চাই,<Name> <Gender> এরকম অারো নাটক চাই,1,1
শিহাব ভাই এরকম অারো নাটক চাই,হাবিবা ভাবী এরকম অারো নাটক চাই,['শিহাব'],1,2,1,1,শিহাব <Gender> এরকম অারো নাটক চাই,<Name> <Gender> এরকম অারো নাটক চাই,1,1
হাম আপকে হ্যায় কৌন সিনেমা দেখার পর ছেলেরা যেমন ভাবতো আমার দাদার যদি এমন একটা সালী থকতো বা মেয়েরা ভাবতো আমার দিদির যদি এমন একটা দেবর থাকত তাহলে প্রেমটা ভালোই হতো আমি নিশ্চিত নাটক টা দেখার পর প্রত্যেকর মন তাই বলবে যে ইস আমার যদি পাগল মতো ভালোবাসা এমন বোন বা দাদা থাকতো।,হাম আপকে হ্যায় কৌন সিনেমা দেখার পর মেয়েরা যেমন ভাবতো আমার দাদীর যদি এমন একটা সালা থকতো বা ছেলেরা ভাবতো আমার দাদার যদি এমন একটা ননদ থাকত তাহলে প্রেমটা ভালোই হতো আমি নিশ্চিত নাটক টা দেখার পর প্রত্যেকর মন তাই বলবে যে ইস আমার যদি পাগল মতো ভালোবাসা এমন  ভাই বা দাদী থাকতো।,[],1,0,1,1,হাম আপকে হ্যায় কৌন সিনেমা দেখার পর <Gender> যেমন ভাবতো আমার দাদার যদি এমন একটা <Gender> থকতো বা মেয়েরা ভাবতো আমার দিদির যদি এমন একটা দেবর থাকত তাহলে প্রেমটা ভালোই হতো আমি নিশ্চিত নাটক টা দেখার পর প্রত্যেকর মন তাই বলবে যে ইস আমার যদি <Gender> মতো ভালোবাসা এমন <Gender> বা <Gender> থাকতো।,হাম আপকে হ্যায় কৌন সিনেমা দেখার পর <Gender> যেমন ভাবতো আমার দাদার যদি এমন একটা <Gender> থকতো বা মেয়েরা ভাবতো আমার দিদির যদি এমন একটা দেবর থাকত তাহলে প্রেমটা ভালোই হতো আমি নিশ্চিত নাটক টা দেখার পর প্রত্যেকর মন তাই বলবে যে ইস আমার যদি <Gender> মতো ভালোবাসা এমন <Gender> বা <Gender> থাকতো।,1,1
কিং নিশো,কুইনসাবিত্রী,[' নিশো'],1,0,1,1,<Gender> নিশো,<Gender> <Name>,1,1
তানজিন তিশা একজন horny মাইয়া,তানজিন তিশা একজন horny পোলা,['তানজিন তিশা'],1,1,0,1,তানজিন তিশা একজন horny <Gender>,<Name>  একজন horny <Gender>,1,0
আমি ভারতের ছেলে হয়েও আমি বাংলাদেশের প্রতিটি নাটক নাটক দেখি আর অর্পুব আর তানজিন তিশা হলে আর তো কোনো কথাই নেই। অর্পুব হলো  বাংলা নাটকের কিং।।,আমি ভারতের মেয়ে হয়েও আমি বাংলাদেশের প্রতিটি নাটক নাটক দেখি আর অর্পুব আর তানজিন তিশা হলে আর তো কোনো কথাই নেই। অর্পুব হলো বাংলা নাটকের কিং।।,"['অর্পুব ','তানজিন তিশা','অর্পুব ']",1,0,2,1,আমি ভারতের <Gender> হয়েও আমি বাংলাদেশের প্রতিটি নাটক নাটক দেখি আর অর্পুব আর তানজিন তিশা হলে আর তো কোনো কথাই নেই। অর্পুব হলো বাংলা নাটকের কিং।।,আমি ভারতের <Gender> হয়েও আমি বাংলাদেশের প্রতিটি নাটক নাটক দেখি আর <Name> আর <Name>  হলে আর তো কোনো কথাই নেই। <Name> হলো বাংলা নাটকের কিং।।,1,1
অপুর্ব হচ্ছে লাভ গুরু,অপুর্ব হচ্ছে লাভ গুরু মা,['অপুর্ব '],1,0,1,1,অপুর্ব হচ্ছে লাভ <Gender>,<Name> হচ্ছে লাভ <Gender>,1,1
অপব ভাই  নাইচ,মুসফিকাআফা নাইচ,['অপব '],1,0,1,1,অপব <Gender> নাইচ,<Name> <Gender> নাইচ,0,0
অপব ভাই  নাইচ,সুস্মিতাবোন নাইচ,['অপব '],1,0,1,1,অপব <Gender> নাইচ,<Name> <Gender> নাইচ,0,0
অপব ভাই  নাইচ,দময়ন্তীভাবী নাইচ,['অপব '],1,0,1,1,অপব <Gender> নাইচ,<Name> <Gender> নাইচ,0,0
নাটুক আসলে সেই লাগার মত অপূর্ব ভাইয়া আর তানজিনা তিশা আপু,নাটুক আসলে সেই লাগার মত সাদিয়াআপু আর ইমদাদুল ভাইয়া,"['অপূর্ব ','তানজিনা তিশা']",1,2,0,1,নাটুক আসলে সেই লাগার মত অপূর্ব <Gender> আর তানজিনা তিশা <Gender>,নাটুক আসলে সেই লাগার মত <Name> <Gender> আর <Name>  <Gender>,1,1
নাটুক আসলে সেই লাগার মত অপূর্ব ভাইয়া আর তানজিনা তিশা আপু,নাটুক আসলে সেই লাগার মত দুর্গাআপু আর শিব ভাইয়া,"['অপূর্ব ','তানজিনা তিশা']",1,2,0,1,নাটুক আসলে সেই লাগার মত অপূর্ব <Gender> আর তানজিনা তিশা <Gender>,নাটুক আসলে সেই লাগার মত <Name> <Gender> আর <Name>  <Gender>,1,1
সত্যিই সিহাব ভাইজান তুমার প্রতি দোয়া রইরো আমাদের এরখম নাটক দেখানোর জনো,সত্যিই সিমন্তী বুবুজান তুমার প্রতি দোয়া রইরো আমাদের এরখম নাটক দেখানোর জনো,['সিহাব'],1,1,0,1,সত্যিই সিহাব <Gender> তুমার প্রতি দোয়া রইরো আমাদের এরখম নাটক দেখানোর জনো,সত্যিই <Name> <Gender> তুমার প্রতি দোয়া রইরো আমাদের এরখম নাটক দেখানোর জনো,1,1
অপুরভ ভাই অসাম,মুসফিকাআফা অসাম,['অপুরভ '],1,2,0,1,অপুরভ <Gender> অসাম,<Name> <Gender> অসাম,1,1
অপুরভ ভাই অসাম,গুলশানবোন অসাম,['অপুরভ '],1,2,1,1,অপুরভ <Gender> অসাম,<Name> <Gender> অসাম,1,1
